Lap,Driver,Team,Position,Gap,Tyre_Compound,Tyre_Age,Raw_Lap_Time_Sec,Formatted_Time,Status,Pit_Stops
0,HUL,Sober,5,6.0,Med,0.0,0.0,0:00.000,GRID,0
1,HUL,Sober,5,6.643028119823953,Med,1.0,85.655,1:25.655,HRV,0
2,HUL,Sober,5,7.508196737826864,Med,2.0,85.701,1:25.701,HRV,0
3,HUL,Sober,5,7.671233885109359,Med,3.0,84.692,1:24.692,BST,0
4,HUL,Sober,5,7.689121635175695,Med,4.0,84.148,1:24.148,BST,0
5,HUL,Sober,5,7.267844479102621,Med,5.0,84.666,1:24.666,BST,0
6,HUL,Sober,5,6.742882386656618,Med,6.0,84.249,1:24.249,BST,0
7,HUL,Sober,3,6.285481794192833,Med,7.0,84.669,1:24.669,BST,0
8,HUL,Sober,3,6.132409518817894,Med,8.0,85.197,1:25.197,STD,0
9,HUL,Sober,3,6.067025209089024,Med,9.0,85.485,1:25.485,STD,0
10,HUL,Sober,3,5.993984082128236,Med,10.0,84.985,1:24.985,BST,0
11,HUL,Sober,3,6.083248079398231,Med,11.0,86.291,1:26.291,STD,0
12,HUL,Sober,3,6.54579204627953,Med,12.0,85.998,1:25.998,STD,0
13,HUL,Sober,3,7.426760205119763,Med,13.0,86.217,1:26.217,STD,0
14,HUL,Sober,7,32.14489778346115,Hard,1,111.488,1:51.488,PIT,1
15,HUL,Sober,8,31.268951056839796,Hard,2,86.747,1:26.747,HRV,1
16,HUL,Sober,9,30.555332070363647,Hard,3,86.948,1:26.948,HRV,1
17,HUL,Sober,8,29.93451976497431,Hard,4,86.691,1:26.691,STD,1
18,HUL,Sober,7,29.030160056937575,Hard,5,86.726,1:26.726,HRV,1
19,HUL,Sober,7,25.505820320845487,Hard,6,85.706,1:25.706,BST,1
20,HUL,Sober,1,0.0,Hard,7,85.134,1:25.134,OVR,1
21,HUL,Sober,4,0.3467877979212517,Hard,8,87.041,1:27.041,HRV,1
22,HUL,Sober,2,0.10609101587738223,Hard,9,85.286,1:25.286,OVR,1
23,HUL,Sober,2,0.6024132506486239,Hard,10,86.801,1:26.801,HRV,1
24,HUL,Sober,4,1.6932880515041688,Hard,11,87.246,1:27.246,HRV,1
25,HUL,Sober,4,2.2584852375980518,Hard,12,87.085,1:27.085,HRV,1
26,HUL,Sober,4,2.4769300678149193,Hard,13,86.61,1:26.610,HRV,1
27,HUL,Sober,4,1.8931970027042553,Hard,14,86.151,1:26.151,BST,1
28,HUL,Sober,3,0.8331825939862938,Hard,15,85.419,1:25.419,OVR,1
29,HUL,Sober,3,1.4224617672807653,Hard,16,87.428,1:27.428,HRV,1
30,HUL,Sober,5,25.889747950983747,Hard,1,111.245,1:51.245,PIT,2
31,HUL,Sober,6,25.7503955204279,Hard,2,87.145,1:27.145,HRV,2
32,HUL,Sober,3,23.934272662522744,Hard,3,84.687,1:24.687,OVR,2
33,HUL,Sober,3,23.604386910206813,Hard,4,86.303,1:26.303,STD,2
34,HUL,Sober,3,23.881757828986792,Hard,5,86.427,1:26.427,STD,2
35,HUL,Sober,3,23.6246763460108,Hard,6,85.835,1:25.835,STD,2
36,HUL,Sober,3,22.918402919226082,Hard,7,86.461,1:26.461,STD,2
37,HUL,Sober,3,22.482402712878866,Hard,8,85.828,1:25.828,STD,2
38,HUL,Sober,3,22.118758787208662,Hard,9,86.098,1:26.098,STD,2
39,HUL,Sober,3,21.984157472208608,Hard,10,86.918,1:26.918,HRV,2
40,HUL,Sober,3,22.540654913078015,Hard,11,87.328,1:27.328,HRV,2
41,HUL,Sober,3,21.67199981395197,Hard,12,86.756,1:26.756,HRV,2
42,HUL,Sober,3,19.642834678288636,Hard,13,85.622,1:25.622,BST,2
43,HUL,Sober,3,19.070697656828997,Hard,14,86.922,1:26.922,HRV,2
44,HUL,Sober,2,16.871937077864914,Hard,15,86.127,1:26.127,BST,2
45,HUL,Sober,2,13.75140763527861,Hard,16,85.995,1:25.995,BST,2
46,HUL,Sober,2,10.007287960529993,Hard,17,85.725,1:25.725,BST,2
47,HUL,Sober,2,6.575590248310618,Hard,18,86.229,1:26.229,BST,2
48,HUL,Sober,2,3.497186252597203,Hard,19,86.569,1:26.569,BST,2
49,HUL,Sober,2,1.352749006518934,Hard,20,86.796,1:26.796,BST,2
50,HUL,Sober,1,0.0,Hard,21,87.608,1:27.608,STD,2
51,HUL,Sober,1,0.0,Hard,22,88.152,1:28.152,HRV,2
52,HUL,Sober,1,0.0,Hard,23,88.177,1:28.177,STD,2
53,HUL,Sober,1,0.0,Hard,24,88.38,1:28.380,STD,2
54,HUL,Sober,1,0.0,Hard,25,88.098,1:28.098,BST,2
55,HUL,Sober,1,0.0,Hard,26,87.781,1:27.781,BST,2
56,HUL,Sober,1,0.0,Hard,27,88.245,1:28.245,BST,2
57,HUL,Sober,1,0.0,Hard,28,89.474,1:29.474,HRV,2
58,HUL,Sober,1,0.0,Hard,29,88.562,1:28.562,BST,2
59,HUL,Sober,1,0.0,Hard,30,89.778,1:29.778,STD,2
60,HUL,Sober,1,0.0,Hard,31,90.403,1:30.403,STD,2
0,RUS,Merciless,6,7.5,Med,0.0,0.0,0:00.000,GRID,0
1,RUS,Merciless,6,8.178550454356014,Med,1.0,85.691,1:25.691,HRV,0
2,RUS,Merciless,6,8.955138155670681,Med,2.0,85.612,1:25.612,HRV,0
3,RUS,Merciless,6,8.816491540686116,Med,3.0,84.391,1:24.391,BST,0
4,RUS,Merciless,6,9.363918722213782,Med,4.0,84.677,1:24.677,BST,0
5,RUS,Merciless,6,8.808419099725597,Med,5.0,84.532,1:24.532,BST,0
6,RUS,Merciless,6,8.53594596043905,Med,6.0,84.501,1:24.501,BST,0
7,RUS,Merciless,4,8.210588491908766,Med,7.0,84.801,1:24.801,BST,0
8,RUS,Merciless,4,7.721687493490776,Med,8.0,84.862,1:24.862,BST,0
9,RUS,Merciless,4,7.5122772642436075,Med,9.0,85.341,1:25.341,STD,0
10,RUS,Merciless,4,7.978754220606788,Med,10.0,85.524,1:25.524,STD,0
11,RUS,Merciless,4,7.29876499647321,Med,11.0,85.522,1:25.522,STD,0
12,RUS,Merciless,4,7.681029240568478,Med,12.0,85.918,1:25.918,STD,0
13,RUS,Merciless,4,8.589781990144274,Med,13.0,86.245,1:26.245,STD,0
14,RUS,Merciless,9,32.75941448351,Hard,1,110.94,1:50.940,PIT,1
15,RUS,Merciless,10,31.768148849615045,Hard,2,86.632,1:26.632,STD,1
16,RUS,Merciless,7,30.43391258617544,Hard,3,86.327,1:26.327,STD,1
17,RUS,Merciless,7,29.256325386760864,Hard,4,86.134,1:26.134,STD,1
18,RUS,Merciless,6,27.732550197224327,Hard,5,86.106,1:26.106,STD,1
19,RUS,Merciless,5,24.542636939132308,Hard,6,86.041,1:26.041,STD,1
20,RUS,Merciless,5,0.5699111715234721,Hard,7,86.667,1:26.667,HRV,1
21,RUS,Merciless,3,0.34168377864261856,Hard,8,86.466,1:26.466,OVR,1
22,RUS,Merciless,1,0.0,Hard,9,85.185,1:25.185,OVR,1
23,RUS,Merciless,1,0.0,Hard,10,86.305,1:26.305,STD,1
24,RUS,Merciless,1,0.0,Hard,11,86.155,1:26.155,STD,1
25,RUS,Merciless,1,0.0,Hard,12,86.52,1:26.520,STD,1
26,RUS,Merciless,1,0.0,Hard,13,86.391,1:26.391,STD,1
27,RUS,Merciless,1,0.0,Hard,14,86.735,1:26.735,STD,1
28,RUS,Merciless,1,0.0,Hard,15,86.479,1:26.479,STD,1
29,RUS,Merciless,1,0.0,Hard,16,86.838,1:26.838,STD,1
30,RUS,Merciless,1,0.0,Hard,17,86.778,1:26.778,STD,1
31,RUS,Merciless,1,0.0,Hard,18,87.284,1:27.284,HRV,1
32,RUS,Merciless,1,0.0,Hard,19,86.503,1:26.503,BST,1
33,RUS,Merciless,1,0.0,Hard,20,86.633,1:26.633,BST,1
34,RUS,Merciless,2,1.8755576218422902,Hard,21,88.025,1:28.025,HRV,1
35,RUS,Merciless,2,2.790560432890743,Hard,22,87.007,1:27.007,BST,1
36,RUS,Merciless,2,3.0421398489761486,Hard,23,87.419,1:27.419,BST,1
37,RUS,Merciless,2,4.2770601701436135,Hard,24,87.499,1:27.499,BST,1
38,RUS,Merciless,2,5.845446981060377,Hard,25,88.03,1:28.030,BST,1
39,RUS,Merciless,2,6.77402974989991,Hard,26,87.981,1:27.981,BST,1
40,RUS,Merciless,2,9.182904519793283,Hard,27,89.18,1:29.180,STD,1
41,RUS,Merciless,2,10.591384167693377,Hard,28,89.033,1:29.033,STD,1
42,RUS,Merciless,2,12.514296238421139,Hard,29,89.574,1:29.574,STD,1
43,RUS,Merciless,2,14.68100143331867,Hard,30,89.661,1:29.661,STD,1
44,RUS,Merciless,3,16.878849331956644,Hard,31,90.523,1:30.523,STD,1
45,RUS,Merciless,4,39.07838575045207,Hard,1,111.315,1:51.315,PIT,2
46,RUS,Merciless,4,36.11973161610467,Hard,2,86.511,1:26.511,HRV,2
47,RUS,Merciless,4,32.78295068697207,Hard,3,86.324,1:26.324,STD,2
48,RUS,Merciless,3,29.82957247804552,Hard,4,86.695,1:26.695,STD,2
49,RUS,Merciless,3,27.134917804693032,Hard,5,86.246,1:26.246,STD,2
50,RUS,Merciless,3,24.943883019892382,Hard,6,86.77,1:26.770,HRV,2
51,RUS,Merciless,3,22.336362245979217,Hard,7,85.544,1:25.544,BST,2
52,RUS,Merciless,3,19.72487642188935,Hard,8,85.566,1:25.566,BST,2
53,RUS,Merciless,3,18.119465072431012,Hard,9,86.774,1:26.774,HRV,2
54,RUS,Merciless,3,15.692021687688793,Hard,10,85.67,1:25.670,BST,2
55,RUS,Merciless,2,14.380314171650753,Hard,11,86.47,1:26.470,STD,2
56,RUS,Merciless,2,12.483939484075563,Hard,12,86.349,1:26.349,STD,2
57,RUS,Merciless,2,9.430473319657722,Hard,13,86.421,1:26.421,STD,2
58,RUS,Merciless,2,7.117438019290603,Hard,14,86.249,1:26.249,STD,2
59,RUS,Merciless,2,3.7948186211560824,Hard,15,86.456,1:26.456,STD,2
60,RUS,Merciless,2,0.15693220813955122,Hard,16,86.766,1:26.766,STD,2
0,ALB,Billiams,2,1.5,Med,0.0,0.0,0:00.000,GRID,0
1,ALB,Billiams,2,0.7394737810605818,Med,1.0,84.252,1:24.252,BST,0
2,ALB,Billiams,2,0.03204517707439436,Med,2.0,84.128,1:24.128,OVR,0
3,ALB,Billiams,2,0.09999999999999432,Med,3.0,84.597,1:24.597,OVR,0
4,ALB,Billiams,1,0.0,Med,4.0,84.03,1:24.030,OVR,0
5,ALB,Billiams,1,0.0,Med,5.0,85.088,1:25.088,STD,0
6,ALB,Billiams,2,0.2656045649997054,Med,6.0,85.039,1:25.039,STD,0
7,ALB,Billiams,2,0.3591072545876841,Med,7.0,85.22,1:25.220,STD,0
8,ALB,Billiams,2,0.11583945666950513,Med,8.0,85.107,1:25.107,STD,0
9,ALB,Billiams,2,0.22903009587787437,Med,9.0,85.663,1:25.663,STD,0
10,ALB,Billiams,2,0.7219217414963168,Med,10.0,85.551,1:25.551,STD,0
11,ALB,Billiams,2,0.5077444142795002,Med,11.0,85.987,1:25.987,STD,0
12,ALB,Billiams,2,1.062260104327379,Med,12.0,86.09,1:26.090,STD,0
13,ALB,Billiams,2,1.9308134475868428,Med,13.0,86.205,1:26.205,STD,0
14,ALB,Billiams,2,1.7235361248506251,Med,14.0,86.563,1:26.563,STD,0
15,ALB,Billiams,2,0.849192572982929,Med,15.0,86.749,1:26.749,STD,0
16,ALB,Billiams,2,24.329339498438685,Hard,1,111.141,1:51.141,PIT,1
17,ALB,Billiams,2,22.590939558823493,Hard,2,85.574,1:25.574,STD,1
18,ALB,Billiams,2,21.373911344570615,Hard,3,86.413,1:26.413,STD,1
19,ALB,Billiams,2,17.96805972704442,Hard,4,85.825,1:25.825,STD,1
20,ALB,Billiams,4,0.4233469596388204,Hard,5,93.095,1:33.095,STD,1
21,ALB,Billiams,2,0.2416837786427095,Hard,6,86.512,1:26.512,STD,1
22,ALB,Billiams,3,1.1344669704026273,Hard,7,86.42,1:26.420,STD,1
23,ALB,Billiams,4,1.4336191318986948,Hard,8,86.604,1:26.604,STD,1
24,ALB,Billiams,3,1.237882057632305,Hard,9,85.96,1:25.960,STD,1
25,ALB,Billiams,3,1.5034055094852192,Hard,10,86.786,1:26.786,STD,1
26,ALB,Billiams,3,1.4241278026702275,Hard,11,86.312,1:26.312,STD,1
27,ALB,Billiams,2,1.2208764008410071,Hard,12,86.531,1:26.531,STD,1
28,ALB,Billiams,4,1.5295928728796753,Hard,13,86.788,1:26.788,STD,1
29,ALB,Billiams,4,1.5224617672806744,Hard,14,86.831,1:26.831,STD,1
30,ALB,Billiams,6,25.989747950983656,Hard,15,111.245,1:51.245,STD,1
31,ALB,Billiams,7,25.85039552042781,Hard,16,87.145,1:27.145,STD,1
32,ALB,Billiams,6,26.404813177603955,Hard,17,87.058,1:27.058,STD,1
33,ALB,Billiams,6,26.860561223180866,Hard,18,87.089,1:27.089,STD,1
34,ALB,Billiams,7,28.07729994823194,Hard,19,87.366,1:27.366,STD,1
35,ALB,Billiams,7,29.241717481679643,Hard,20,87.256,1:27.256,STD,1
36,ALB,Billiams,8,29.840643222931703,Hard,21,87.767,1:27.767,HRV,1
37,ALB,Billiams,8,31.694467868225274,Hard,22,88.118,1:28.118,HRV,1
38,ALB,Billiams,8,32.44069322251244,Hard,23,87.208,1:27.208,BST,1
39,ALB,Billiams,8,33.923020659064605,Hard,24,88.535,1:28.535,HRV,1
40,ALB,Billiams,12,58.52600168322351,Hard,1,111.374,1:51.374,PIT,2
41,ALB,Billiams,12,56.084899001217764,Hard,2,85.183,1:25.183,BST,2
42,ALB,Billiams,11,55.452211161039486,Hard,3,87.018,1:27.018,HRV,2
43,ALB,Billiams,9,53.31429971179341,Hard,4,85.356,1:25.356,OVR,2
44,ALB,Billiams,8,50.69119521082666,Hard,5,85.702,1:25.702,BST,2
45,ALB,Billiams,8,48.745121012631444,Hard,6,87.169,1:27.169,HRV,2
46,ALB,Billiams,8,45.011480777094675,Hard,7,85.736,1:25.736,BST,2
47,ALB,Billiams,8,41.946151205057504,Hard,8,86.596,1:26.596,HRV,2
48,ALB,Billiams,8,38.953980497920384,Hard,9,86.656,1:26.656,HRV,2
49,ALB,Billiams,7,36.638218717546806,Hard,10,86.625,1:26.625,HRV,2
50,ALB,Billiams,7,33.19179060466104,Hard,11,85.514,1:25.514,BST,2
51,ALB,Billiams,6,32.22276400951614,Hard,12,87.183,1:27.183,HRV,2
52,ALB,Billiams,5,29.62203445391242,Hard,13,85.576,1:25.576,OVR,2
53,ALB,Billiams,5,28.080265254246115,Hard,14,86.838,1:26.838,STD,2
54,ALB,Billiams,5,26.983772139158646,Hard,15,87.001,1:27.001,STD,2
55,ALB,Billiams,5,26.38193184980355,Hard,16,87.18,1:27.180,HRV,2
56,ALB,Billiams,5,25.04917512767406,Hard,17,86.912,1:26.912,STD,2
57,ALB,Billiams,4,23.219519797389694,Hard,18,87.644,1:27.644,HRV,2
58,ALB,Billiams,3,21.07459688138806,Hard,19,86.417,1:26.417,BST,2
59,ALB,Billiams,3,18.678864423278355,Hard,20,87.383,1:27.383,STD,2
60,ALB,Billiams,3,14.783325877280731,Hard,21,86.508,1:26.508,BST,2
0,SAI,Billiams,8,10.5,Med,0.0,0.0,0:00.000,GRID,0
1,SAI,Billiams,8,11.174933577468693,Med,1.0,85.687,1:25.687,HRV,0
2,SAI,Billiams,8,11.71708976977527,Med,2.0,85.378,1:25.378,HRV,0
3,SAI,Billiams,7,10.968305010752488,Med,3.0,83.78,1:23.780,OVR,0
4,SAI,Billiams,7,11.22857486999078,Med,4.0,84.39,1:24.390,BST,0
5,SAI,Billiams,7,10.73900074038744,Med,5.0,84.598,1:24.598,BST,0
6,SAI,Billiams,7,10.615216587550265,Med,6.0,84.65,1:24.650,BST,0
7,SAI,Billiams,5,10.054238986541236,Med,7.0,84.565,1:24.565,BST,0
8,SAI,Billiams,5,9.999554617340095,Med,8.0,85.296,1:25.296,STD,0
9,SAI,Billiams,5,9.578712360672057,Med,9.0,85.129,1:25.129,STD,0
10,SAI,Billiams,5,9.800006366414095,Med,10.0,85.279,1:25.279,STD,0
11,SAI,Billiams,5,9.563131865281889,Med,11.0,85.965,1:25.965,STD,0
12,SAI,Billiams,5,9.772018896844656,Med,12.0,85.744,1:25.744,STD,0
13,SAI,Billiams,5,10.540671941895653,Med,13.0,86.105,1:26.105,STD,0
14,SAI,Billiams,10,32.85941448350991,Med,14.0,109.089,1:49.089,STD,0
15,SAI,Billiams,12,32.31098039529343,Med,15.0,87.074,1:27.074,STD,0
16,SAI,Billiams,19,55.66188971562792,Hard,1,111.012,1:51.012,PIT,1
17,SAI,Billiams,19,54.38678262191752,Hard,2,86.037,1:26.037,STD,1
18,SAI,Billiams,19,53.645279297905745,Hard,3,86.888,1:26.888,HRV,1
19,SAI,Billiams,18,50.98326341729285,Hard,4,86.569,1:26.569,STD,1
20,SAI,Billiams,10,26.37660820057158,Hard,5,86.033,1:26.033,STD,1
21,SAI,Billiams,9,26.182142312925635,Hard,6,86.5,1:26.500,STD,1
22,SAI,Billiams,6,26.368237860546515,Hard,7,85.713,1:25.713,BST,1
23,SAI,Billiams,6,26.121679835233863,Hard,8,86.059,1:26.059,STD,1
24,SAI,Billiams,6,26.50721501203452,Hard,9,86.541,1:26.541,STD,1
25,SAI,Billiams,6,26.34779500148852,Hard,10,86.361,1:26.361,STD,1
26,SAI,Billiams,6,25.986084408304123,Hard,11,86.029,1:26.029,STD,1
27,SAI,Billiams,6,25.532841079779246,Hard,12,86.281,1:26.281,STD,1
28,SAI,Billiams,7,26.102170328439115,Hard,13,87.048,1:27.048,STD,1
29,SAI,Billiams,7,25.755133065311384,Hard,14,86.491,1:26.491,STD,1
30,SAI,Billiams,4,25.08953589972316,Hard,15,86.112,1:26.112,BST,1
31,SAI,Billiams,4,24.05202842387189,Hard,16,86.247,1:26.247,BST,1
32,SAI,Billiams,5,25.023373716496735,Hard,17,87.475,1:27.475,HRV,1
33,SAI,Billiams,4,24.303906197305423,Hard,18,85.914,1:25.914,OVR,1
34,SAI,Billiams,4,25.05272139423596,Hard,19,86.898,1:26.898,STD,1
35,SAI,Billiams,4,25.948447334041248,Hard,20,86.987,1:26.987,STD,1
36,SAI,Billiams,4,26.237844509037586,Hard,21,87.457,1:27.457,STD,1
37,SAI,Billiams,4,27.812060565097454,Hard,22,87.839,1:27.839,STD,1
38,SAI,Billiams,5,28.82783156793448,Hard,23,87.477,1:27.477,BST,1
39,SAI,Billiams,5,29.52362117865232,Hard,24,87.748,1:27.748,STD,1
40,SAI,Billiams,8,53.773648414836316,Hard,1,111.021,1:51.021,PIT,2
41,SAI,Billiams,8,53.02942659515338,Hard,2,86.88,1:26.880,HRV,2
42,SAI,Billiams,8,52.02161206048231,Hard,3,86.643,1:26.643,HRV,2
43,SAI,Billiams,7,49.832840484472854,Hard,4,85.305,1:25.305,OVR,2
44,SAI,Billiams,7,47.063280644270435,Hard,5,85.556,1:25.556,BST,2
45,SAI,Billiams,6,43.979481917896464,Hard,6,86.031,1:26.031,STD,2
46,SAI,Billiams,6,41.6493810337588,Hard,7,87.139,1:27.139,HRV,2
47,SAI,Billiams,7,39.17045648761177,Hard,8,87.182,1:27.182,HRV,2
48,SAI,Billiams,7,36.5309517680771,Hard,9,87.008,1:27.008,HRV,2
49,SAI,Billiams,6,34.68680792069972,Hard,10,87.096,1:27.096,HRV,2
50,SAI,Billiams,5,32.35493083786059,Hard,11,86.629,1:26.629,HRV,2
51,SAI,Billiams,4,31.418899139534005,Hard,12,87.216,1:27.216,HRV,2
52,SAI,Billiams,4,29.182887217775715,Hard,13,85.941,1:25.941,BST,2
53,SAI,Billiams,4,26.910166752428268,Hard,14,86.107,1:26.107,BST,2
54,SAI,Billiams,4,25.435840269402433,Hard,15,86.623,1:26.623,STD,2
55,SAI,Billiams,4,24.84415466873179,Hard,16,87.19,1:27.190,HRV,2
56,SAI,Billiams,4,24.051420097221126,Hard,17,87.452,1:27.452,HRV,2
57,SAI,Billiams,3,22.14366040567984,Hard,18,87.566,1:27.566,HRV,2
58,SAI,Billiams,4,21.11067804517279,Hard,19,87.529,1:27.529,HRV,2
59,SAI,Billiams,4,18.77886442327872,Hard,20,87.446,1:27.446,STD,2
60,SAI,Billiams,4,14.883325877281095,Hard,21,86.508,1:26.508,OVR,2
0,LAW,BlueCow,3,3.0,Med,0.0,0.0,0:00.000,GRID,0
1,LAW,BlueCow,3,2.2227675781769847,Med,1.0,84.235,1:24.235,BST,0
2,LAW,BlueCow,3,1.706545922578698,Med,2.0,84.319,1:24.319,BST,0
3,LAW,BlueCow,3,1.767495117359772,Med,3.0,84.59,1:24.590,BST,0
4,LAW,BlueCow,3,2.0813159945066104,Med,4.0,84.444,1:24.444,BST,0
5,LAW,BlueCow,3,1.9207715571360495,Med,5.0,84.927,1:24.927,STD,0
6,LAW,BlueCow,3,2.93489090948259,Med,6.0,85.788,1:25.788,HRV,0
7,LAW,BlueCow,12,28.744872895858634,Hard,1,110.936,1:50.936,PIT,1
8,LAW,BlueCow,12,28.95466674546128,Hard,2,85.56,1:25.560,BST,1
9,LAW,BlueCow,12,29.168935408960124,Hard,3,85.764,1:25.764,BST,1
10,LAW,BlueCow,12,29.697638843882487,Hard,4,85.586,1:25.586,BST,1
11,LAW,BlueCow,12,29.406507675112266,Hard,5,85.911,1:25.911,BST,1
12,LAW,BlueCow,12,29.51425292877184,Hard,6,85.643,1:25.643,BST,1
13,LAW,BlueCow,12,30.71921689231317,Hard,7,86.541,1:26.541,STD,1
14,LAW,BlueCow,5,30.3249624087166,Hard,8,86.376,1:26.376,STD,1
15,LAW,BlueCow,6,29.37687117678138,Hard,9,86.675,1:26.675,STD,1
16,LAW,BlueCow,6,28.54308709468023,Hard,10,86.828,1:26.828,STD,1
17,LAW,BlueCow,5,27.91003701280397,Hard,11,86.679,1:26.679,STD,1
18,LAW,BlueCow,5,27.01769666959558,Hard,12,86.738,1:26.738,STD,1
19,LAW,BlueCow,4,24.501018628957354,Hard,13,86.714,1:26.714,STD,1
20,LAW,BlueCow,3,0.368510737606357,Hard,14,86.507,1:26.507,STD,1
21,LAW,BlueCow,5,0.6996219037516767,Hard,15,87.025,1:27.025,STD,1
22,LAW,BlueCow,5,1.9053377163525056,Hard,16,86.733,1:26.733,STD,1
23,LAW,BlueCow,5,2.6337058634364894,Hard,17,87.034,1:27.034,STD,1
24,LAW,BlueCow,5,3.2308892025544083,Hard,18,86.752,1:26.752,STD,1
25,LAW,BlueCow,5,4.003376475926416,Hard,19,87.293,1:27.293,STD,1
26,LAW,BlueCow,5,4.98636416824138,Hard,20,87.374,1:27.374,STD,1
27,LAW,BlueCow,5,5.776423558030274,Hard,21,87.525,1:27.525,STD,1
28,LAW,BlueCow,5,6.802656257772469,Hard,22,87.505,1:27.505,STD,1
29,LAW,BlueCow,5,7.664843918731549,Hard,23,87.7,1:27.700,STD,1
30,LAW,BlueCow,7,26.289747950983383,Hard,24,105.403,1:45.403,STD,1
31,LAW,BlueCow,10,50.23285422991512,Hard,1,111.227,1:51.227,PIT,2
32,LAW,BlueCow,10,50.13438155696849,Hard,2,86.405,1:26.405,STD,2
33,LAW,BlueCow,10,50.14695727690514,Hard,3,86.646,1:26.646,HRV,2
34,LAW,BlueCow,10,50.79647360135186,Hard,4,86.799,1:26.799,HRV,2
35,LAW,BlueCow,10,51.97569701926386,Hard,5,87.271,1:27.271,HRV,2
36,LAW,BlueCow,10,51.50163524175423,Hard,6,86.694,1:26.694,HRV,2
37,LAW,BlueCow,10,52.1905659642166,Hard,7,86.953,1:26.953,HRV,2
38,LAW,BlueCow,10,52.62329266883444,Hard,8,86.894,1:26.894,HRV,2
39,LAW,BlueCow,10,51.290066783086786,Hard,9,85.719,1:25.719,BST,2
40,LAW,BlueCow,6,51.05719368292284,Hard,10,86.538,1:26.538,HRV,2
41,LAW,BlueCow,6,49.25123339888387,Hard,11,85.818,1:25.818,BST,2
42,LAW,BlueCow,6,48.728522742419045,Hard,12,87.128,1:27.128,HRV,2
43,LAW,BlueCow,6,47.21722071240856,Hard,13,85.983,1:25.983,BST,2
44,LAW,BlueCow,6,46.08413827700906,Hard,14,87.192,1:27.192,HRV,2
45,LAW,BlueCow,7,44.39158476586408,Hard,15,87.423,1:27.423,HRV,2
46,LAW,BlueCow,7,42.18530288907641,Hard,16,87.263,1:27.263,HRV,2
47,LAW,BlueCow,6,38.34883995574455,Hard,17,85.825,1:25.825,OVR,2
48,LAW,BlueCow,5,34.83523389234051,Hard,18,86.134,1:26.134,BST,2
49,LAW,BlueCow,5,33.37506318901069,Hard,19,87.48,1:27.480,STD,2
50,LAW,BlueCow,4,32.1340652798217,Hard,20,87.72,1:27.720,HRV,2
51,LAW,BlueCow,5,32.16708923447459,Hard,21,88.185,1:28.185,HRV,2
52,LAW,BlueCow,6,30.58722764108552,Hard,22,86.597,1:26.597,OVR,2
53,LAW,BlueCow,6,28.588348791523458,Hard,23,86.381,1:26.381,OVR,2
54,LAW,BlueCow,6,29.25715821677568,Hard,24,88.766,1:28.766,HRV,2
55,LAW,BlueCow,6,30.34514790871617,Hard,25,88.869,1:28.869,HRV,2
56,LAW,BlueCow,6,30.699559231538842,Hard,26,88.599,1:28.599,HRV,2
57,LAW,BlueCow,6,29.672822416183408,Hard,27,88.447,1:28.447,STD,2
58,LAW,BlueCow,5,30.360005974399428,Hard,28,89.249,1:29.249,STD,2
59,LAW,BlueCow,5,28.81470353268196,Hard,29,88.233,1:28.233,BST,2
60,LAW,BlueCow,5,28.634898565015646,Hard,30,90.224,1:30.224,HRV,2
0,HAM,Furrari,1,0.0,Med,0.0,0.0,0:00.000,GRID,0
1,HAM,Furrari,1,0.0,Med,1.0,85.012,1:25.012,STD,0
2,HAM,Furrari,1,0.0,Med,2.0,84.836,1:24.836,STD,0
3,HAM,Furrari,1,0.0,Med,3.0,84.529,1:24.529,BST,0
4,HAM,Furrari,2,0.4209283110665183,Med,4.0,84.551,1:24.551,BST,0
5,HAM,Furrari,2,0.6251854112462638,Med,5.0,85.292,1:25.292,STD,0
6,HAM,Furrari,1,0.0,Med,6.0,84.148,1:24.148,OVR,0
7,HAM,Furrari,1,0.0,Med,7.0,85.126,1:25.126,STD,0
8,HAM,Furrari,1,0.0,Med,8.0,85.35,1:25.350,STD,0
9,HAM,Furrari,1,0.0,Med,9.0,85.55,1:25.550,STD,0
10,HAM,Furrari,1,0.0,Med,10.0,85.058,1:25.058,BST,0
11,HAM,Furrari,1,0.0,Med,11.0,86.202,1:26.202,HRV,0
12,HAM,Furrari,1,0.0,Med,12.0,85.535,1:25.535,BST,0
13,HAM,Furrari,1,0.0,Med,13.0,85.336,1:25.336,BST,0
14,HAM,Furrari,1,0.0,Med,14.0,86.77,1:26.770,HRV,0
15,HAM,Furrari,1,0.0,Med,15.0,87.623,1:27.623,HRV,0
16,HAM,Furrari,1,0.0,Med,16.0,87.661,1:27.661,HRV,0
17,HAM,Furrari,1,0.0,Med,17.0,87.312,1:27.312,BST,0
18,HAM,Furrari,1,0.0,Med,18.0,87.63,1:27.630,BST,0
19,HAM,Furrari,1,0.0,Med,19.0,89.231,1:29.231,STD,0
20,HAM,Furrari,2,0.32334695963891136,Hard,1,110.963,1:50.963,PIT,1
21,HAM,Furrari,1,0.0,Hard,2,86.371,1:26.371,STD,1
22,HAM,Furrari,4,1.9026420371221775,Hard,3,87.43,1:27.430,HRV,1
23,HAM,Furrari,3,0.6060978390903529,Hard,4,85.009,1:25.009,OVR,1
24,HAM,Furrari,2,0.8018029358413514,Hard,5,86.351,1:26.351,STD,1
25,HAM,Furrari,2,1.4034055094853102,Hard,6,87.122,1:27.122,HRV,1
26,HAM,Furrari,2,1.1856970049807387,Hard,7,86.173,1:26.173,STD,1
27,HAM,Furrari,3,1.376737617857998,Hard,8,86.926,1:26.926,STD,1
28,HAM,Furrari,2,0.40184738824973465,Hard,9,85.504,1:25.504,OVR,1
29,HAM,Furrari,2,0.2574425956104278,Hard,10,86.694,1:26.694,HRV,1
30,HAM,Furrari,2,0.4257212814795821,Hard,11,86.946,1:26.946,HRV,1
31,HAM,Furrari,2,0.01515749891723317,Hard,12,86.874,1:26.874,HRV,1
32,HAM,Furrari,2,0.17864064474406405,Hard,13,86.667,1:26.667,HRV,1
33,HAM,Furrari,2,0.6563475889092842,Hard,14,87.111,1:27.111,HRV,1
34,HAM,Furrari,1,0.0,Hard,15,85.493,1:25.493,OVR,1
35,HAM,Furrari,1,0.0,Hard,16,86.092,1:26.092,BST,1
36,HAM,Furrari,1,0.0,Hard,17,87.168,1:27.168,HRV,1
37,HAM,Furrari,1,0.0,Hard,18,86.264,1:26.264,BST,1
38,HAM,Furrari,1,0.0,Hard,19,86.461,1:26.461,BST,1
39,HAM,Furrari,1,0.0,Hard,20,87.053,1:27.053,STD,1
40,HAM,Furrari,1,0.0,Hard,21,86.771,1:26.771,BST,1
41,HAM,Furrari,1,0.0,Hard,22,87.624,1:27.624,STD,1
42,HAM,Furrari,1,0.0,Hard,23,87.651,1:27.651,STD,1
43,HAM,Furrari,1,0.0,Hard,24,87.494,1:27.494,BST,1
44,HAM,Furrari,1,0.0,Hard,25,88.326,1:28.326,HRV,1
45,HAM,Furrari,1,0.0,Hard,26,89.115,1:29.115,HRV,1
46,HAM,Furrari,1,0.0,Hard,27,89.469,1:29.469,HRV,1
47,HAM,Furrari,1,0.0,Hard,28,89.661,1:29.661,HRV,1
48,HAM,Furrari,1,0.0,Hard,29,89.648,1:29.648,HRV,1
49,HAM,Furrari,1,0.0,Hard,30,88.941,1:28.941,BST,1
50,HAM,Furrari,2,0.34621017077824945,Hard,31,89.307,1:29.307,BST,1
51,HAM,Furrari,2,2.953489253295629,Hard,32,90.759,1:30.759,HRV,1
52,HAM,Furrari,2,6.114875535596184,Hard,33,91.338,1:31.338,HRV,1
53,HAM,Furrari,2,8.70437465512714,Hard,34,90.969,1:30.969,STD,1
54,HAM,Furrari,2,12.540659617370693,Hard,35,91.934,1:31.934,HRV,1
55,HAM,Furrari,3,16.840626926693403,Hard,36,92.081,1:32.081,STD,1
56,HAM,Furrari,3,21.40014085258281,Hard,37,92.804,1:32.804,HRV,1
57,HAM,Furrari,5,25.342563309407524,Hard,38,93.416,1:33.416,HRV,1
58,HAM,Furrari,6,30.634724883071613,Hard,39,93.854,1:33.854,HRV,1
59,HAM,Furrari,6,35.04143066641791,Hard,40,94.185,1:34.185,HRV,1
60,HAM,Furrari,6,39.090523925559864,Hard,41,94.452,1:34.452,STD,1
0,HAD,ToroLoco,18,25.5,Med,0.0,0.0,0:00.000,GRID,0
1,HAD,ToroLoco,18,25.316192013719387,Med,1.0,84.829,1:24.829,STD,0
2,HAD,ToroLoco,18,24.685021208711902,Med,2.0,84.204,1:24.204,BST,0
3,HAD,ToroLoco,19,25.2758163875302,Med,3.0,85.12,1:25.120,STD,0
4,HAD,ToroLoco,19,26.64567764171551,Med,4.0,85.5,1:25.500,HRV,0
5,HAD,ToroLoco,16,27.338958929237265,Med,5.0,85.781,1:25.781,HRV,0
6,HAD,ToroLoco,14,27.51992623975451,Med,6.0,84.954,1:24.954,STD,0
7,HAD,ToroLoco,11,27.46801891740904,Med,7.0,85.074,1:25.074,STD,0
8,HAD,ToroLoco,11,27.41666448965509,Med,8.0,85.299,1:25.299,STD,0
9,HAD,ToroLoco,11,26.903383263242404,Med,9.0,85.037,1:25.037,STD,0
10,HAD,ToroLoco,11,27.907770019154555,Med,10.0,86.062,1:26.062,HRV,0
11,HAD,ToroLoco,11,27.55682052152531,Med,11.0,85.851,1:25.851,STD,0
12,HAD,ToroLoco,11,26.92186992890788,Med,12.0,84.9,1:24.900,BST,0
13,HAD,ToroLoco,11,27.147980832269013,Med,13.0,85.562,1:25.562,BST,0
14,HAD,ToroLoco,4,26.448936297608498,Med,14.0,86.071,1:26.071,BST,0
15,HAD,ToroLoco,4,25.939342879593823,Med,15.0,87.113,1:27.113,HRV,0
16,HAD,ToroLoco,4,25.369928916475374,Med,16.0,87.092,1:27.092,HRV,0
17,HAD,ToroLoco,4,24.441723587554634,Med,17.0,86.384,1:26.384,OVR,0
18,HAD,ToroLoco,4,25.211885147545445,Med,18.0,88.4,1:28.400,HRV,0
19,HAD,ToroLoco,6,25.238345895273596,Med,19.0,89.257,1:29.257,HRV,0
20,HAD,ToroLoco,7,3.5723378151672023,Med,20.0,88.974,1:28.974,STD,0
21,HAD,ToroLoco,7,6.300025110814204,Med,21.0,89.422,1:29.422,BST,0
22,HAD,ToroLoco,10,31.676566266648024,Hard,1,110.904,1:50.904,PIT,1
23,HAD,ToroLoco,9,30.544683899673828,Hard,2,85.173,1:25.173,OVR,1
24,HAD,ToroLoco,9,30.457422752713228,Hard,3,86.068,1:26.068,STD,1
25,HAD,ToroLoco,9,31.04674442433452,Hard,4,87.109,1:27.109,HRV,1
26,HAD,ToroLoco,9,31.3261730047343,Hard,5,86.671,1:26.671,HRV,1
27,HAD,ToroLoco,9,30.424839412698475,Hard,6,85.833,1:25.833,BST,1
28,HAD,ToroLoco,10,30.36936370687954,Hard,7,86.423,1:26.423,STD,1
29,HAD,ToroLoco,10,28.90267896147816,Hard,8,85.372,1:25.372,OVR,1
30,HAD,ToroLoco,10,28.9262482840104,Hard,9,86.802,1:26.802,HRV,1
31,HAD,ToroLoco,8,28.38812724966101,Hard,10,86.746,1:26.746,HRV,1
32,HAD,ToroLoco,8,28.81252743543473,Hard,11,86.928,1:26.928,HRV,1
33,HAD,ToroLoco,8,28.684021257985478,Hard,12,86.505,1:26.505,STD,1
34,HAD,ToroLoco,8,28.320967316377846,Hard,13,85.786,1:25.786,BST,1
35,HAD,ToroLoco,8,29.341717481679552,Hard,14,87.112,1:27.112,HRV,1
36,HAD,ToroLoco,6,27.495807970367878,Hard,15,85.322,1:25.322,OVR,1
37,HAD,ToroLoco,5,27.90820938297429,Hard,16,86.677,1:26.677,STD,1
38,HAD,ToroLoco,4,28.697142752478157,Hard,17,87.25,1:27.250,STD,1
39,HAD,ToroLoco,4,28.71370638849703,Hard,18,87.069,1:27.069,STD,1
40,HAD,ToroLoco,4,29.809807356163674,Hard,19,87.867,1:27.867,HRV,1
41,HAD,ToroLoco,4,28.927891959981935,Hard,20,86.742,1:26.742,BST,1
42,HAD,ToroLoco,4,28.39820723014691,Hard,21,87.121,1:27.121,BST,1
43,HAD,ToroLoco,4,28.46223170197345,Hard,22,87.558,1:27.558,STD,1
44,HAD,ToroLoco,4,27.503779574236887,Hard,23,87.367,1:27.367,BST,1
45,HAD,ToroLoco,5,39.3783857504518,Hard,24,100.99,1:40.990,HRV,1
46,HAD,ToroLoco,5,37.69605290694244,Hard,25,87.787,1:27.787,STD,1
47,HAD,ToroLoco,5,37.1548263923969,Hard,26,89.12,1:29.120,HRV,1
48,HAD,ToroLoco,6,35.85870952968526,Hard,27,88.352,1:28.352,BST,1
49,HAD,ToroLoco,8,36.799831986325444,Hard,28,89.882,1:29.882,HRV,1
50,HAD,ToroLoco,8,35.909543856890195,Hard,29,88.071,1:28.071,OVR,1
51,HAD,ToroLoco,8,38.03470990801634,Hard,30,90.277,1:30.277,HRV,1
52,HAD,ToroLoco,8,39.41864703806277,Hard,31,89.561,1:29.561,STD,1
53,HAD,ToroLoco,7,40.987015422078,Hard,32,89.948,1:29.948,BST,1
54,HAD,ToroLoco,7,43.2700445897317,Hard,33,90.381,1:30.381,BST,1
55,HAD,ToroLoco,7,46.58806910355088,Hard,34,91.099,1:31.099,STD,1
56,HAD,ToroLoco,7,49.45958089446049,Hard,35,91.116,1:31.116,BST,1
57,HAD,ToroLoco,7,51.42679919077182,Hard,36,91.441,1:31.441,BST,1
58,HAD,ToroLoco,7,55.230935970831524,Hard,37,92.366,1:32.366,BST,1
59,HAD,ToroLoco,7,58.72704497086943,Hard,38,93.274,1:33.274,STD,1
60,HAD,ToroLoco,7,62.28787177544018,Hard,39,93.964,1:33.964,STD,1
0,COL,Alpain,4,4.5,Med,0.0,0.0,0:00.000,GRID,0
1,COL,Alpain,4,3.9869128415874826,Med,1.0,84.499,1:24.499,STD,0
2,COL,Alpain,4,4.241398439467304,Med,2.0,85.09,1:25.090,STD,0
3,COL,Alpain,4,4.588207354976646,Med,3.0,84.876,1:24.876,STD,0
4,COL,Alpain,4,5.832600342928004,Med,4.0,85.374,1:25.374,HRV,0
5,COL,Alpain,4,5.135230290226161,Med,5.0,84.39,1:24.390,BST,0
6,COL,Alpain,4,4.918207745161851,Med,6.0,84.556,1:24.556,BST,0
7,COL,Alpain,13,29.044872895858703,Med,7.0,109.253,1:49.253,HRV,0
8,COL,Alpain,13,29.646890068950142,Med,8.0,85.952,1:25.952,HRV,0
9,COL,Alpain,13,30.0886108604966,Med,9.0,85.992,1:25.992,HRV,0
10,COL,Alpain,13,31.174456096416293,Med,10.0,86.144,1:26.144,HRV,0
11,COL,Alpain,13,30.504957546890182,Med,11.0,85.532,1:25.532,STD,0
12,COL,Alpain,13,31.0197777714111,Med,12.0,86.05,1:26.050,STD,0
13,COL,Alpain,13,31.252478424844185,Med,13.0,85.569,1:25.569,STD,0
14,COL,Alpain,6,30.42496240871651,Med,14.0,85.942,1:25.942,OVR,0
15,COL,Alpain,5,28.309485053648814,Med,15.0,85.507,1:25.507,OVR,0
16,COL,Alpain,5,28.282897068349712,Med,16.0,87.635,1:27.635,HRV,0
17,COL,Alpain,6,28.761134258782477,Med,17.0,87.79,1:27.790,STD,0
18,COL,Alpain,9,29.55755442851978,Med,18.0,88.426,1:28.426,STD,0
19,COL,Alpain,9,29.573051280180835,Med,19.0,89.246,1:29.246,HRV,0
20,COL,Alpain,12,28.21371981711104,Med,20.0,109.281,1:49.281,HRV,0
21,COL,Alpain,13,31.643210592134665,Med,21.0,90.124,1:30.124,HRV,0
22,COL,Alpain,15,36.59705530505448,Med,22.0,90.481,1:30.481,STD,0
23,COL,Alpain,12,41.606721347929806,Med,23.0,91.315,1:31.315,HRV,0
24,COL,Alpain,13,46.370084572764426,Med,24.0,90.919,1:30.919,BST,0
25,COL,Alpain,17,69.59298415870671,Med,1,109.743,1:49.743,PIT,1
26,COL,Alpain,17,67.49810965392908,Med,2,84.296,1:24.296,BST,1
27,COL,Alpain,17,66.41442733224358,Med,3,85.651,1:25.651,HRV,1
28,COL,Alpain,16,64.43147336679431,Med,4,84.496,1:24.496,BST,1
29,COL,Alpain,16,63.68909197106359,Med,5,86.096,1:26.096,HRV,1
30,COL,Alpain,12,61.597273623651745,Med,6,84.686,1:24.686,BST,1
31,COL,Alpain,12,59.415665311540124,Med,7,85.103,1:25.103,STD,1
32,COL,Alpain,12,57.7712849311888,Med,8,84.859,1:24.859,BST,1
33,COL,Alpain,12,56.713025198206196,Med,9,85.575,1:25.575,STD,1
34,COL,Alpain,12,56.54739087390999,Med,10,85.984,1:25.984,HRV,1
35,COL,Alpain,12,56.217448373478874,Med,11,85.762,1:25.762,STD,1
36,COL,Alpain,12,54.660578251549396,Med,12,85.611,1:25.611,STD,1
37,COL,Alpain,12,55.391309717800596,Med,13,86.995,1:26.995,HRV,1
38,COL,Alpain,12,55.72659719590138,Med,14,86.797,1:26.797,STD,1
39,COL,Alpain,13,55.39404050244775,Med,15,86.72,1:26.720,STD,1
40,COL,Alpain,11,55.11533891541558,Med,16,86.492,1:26.492,STD,1
41,COL,Alpain,10,55.28786187740252,Med,17,87.797,1:27.797,STD,1
42,COL,Alpain,12,56.071953241605115,Med,18,88.435,1:28.435,HRV,1
43,COL,Alpain,11,56.06954070281881,Med,19,87.492,1:27.492,OVR,1
44,COL,Alpain,11,56.535869398430805,Med,20,88.792,1:28.792,BST,1
45,COL,Alpain,11,56.558210760178554,Med,21,89.138,1:29.138,BST,1
46,COL,Alpain,11,57.126969445971554,Med,22,90.038,1:30.038,BST,1
47,COL,Alpain,11,59.38393875089059,Med,23,91.918,1:31.918,HRV,1
48,COL,Alpain,11,61.734475577391095,Med,24,91.998,1:31.998,BST,1
49,COL,Alpain,11,66.61260473733,Med,25,93.819,1:33.819,HRV,1
50,COL,Alpain,13,72.33712459946855,Med,26,94.685,1:34.685,HRV,1
51,COL,Alpain,13,79.77702174939623,Med,27,95.592,1:35.592,STD,1
52,COL,Alpain,15,100.15821749675433,Soft,1,108.558,1:48.558,PIT,2
53,COL,Alpain,13,96.08110501280407,Soft,2,84.303,1:24.303,STD,2
54,COL,Alpain,13,91.56356548051463,Soft,3,83.58,1:23.580,STD,2
55,COL,Alpain,13,88.49639952029884,Soft,4,84.714,1:24.714,HRV,2
56,COL,Alpain,13,84.96023625705766,Soft,5,84.709,1:24.709,HRV,2
57,COL,Alpain,13,79.92521056398073,Soft,6,84.439,1:24.439,STD,2
58,COL,Alpain,12,77.17808235597113,Soft,7,85.815,1:25.815,HRV,2
59,COL,Alpain,12,72.94904752834191,Soft,8,85.549,1:25.549,STD,2
60,COL,Alpain,8,67.88820689409567,Soft,9,85.343,1:25.343,OVR,2
0,VER,BlueCow,9,12.0,Med,0.0,0.0,0:00.000,GRID,0
1,VER,BlueCow,9,12.296683400805748,Med,1.0,85.309,1:25.309,HRV,0
2,VER,BlueCow,10,13.46852143270263,Med,2.0,86.007,1:26.007,HRV,0
3,VER,BlueCow,10,14.638217611182085,Med,3.0,85.699,1:25.699,HRV,0
4,VER,BlueCow,10,16.185955290071547,Med,4.0,85.677,1:25.677,HRV,0
5,VER,BlueCow,11,16.71500626137521,Med,5.0,85.617,1:25.617,HRV,0
6,VER,BlueCow,11,17.680729098095128,Med,6.0,85.739,1:25.739,HRV,0
7,VER,BlueCow,18,43.69929942691738,Hard,1,111.145,1:51.145,PIT,1
8,VER,BlueCow,18,43.904063172737665,Hard,2,85.555,1:25.555,BST,1
9,VER,BlueCow,18,43.75232494486761,Hard,3,85.398,1:25.398,BST,1
10,VER,BlueCow,18,44.486005058524256,Hard,4,85.791,1:25.791,BST,1
11,VER,BlueCow,18,43.508859178520765,Hard,5,85.225,1:25.225,BST,1
12,VER,BlueCow,18,43.398322888977646,Hard,6,85.425,1:25.425,BST,1
13,VER,BlueCow,18,43.36545996646305,Hard,7,85.303,1:25.303,OVR,1
14,VER,BlueCow,16,43.08558174601694,Hard,8,86.49,1:26.490,STD,1
15,VER,BlueCow,18,42.112539164103055,Hard,9,86.65,1:26.650,STD,1
16,VER,BlueCow,15,41.04799146010237,Hard,10,86.597,1:26.597,STD,1
17,VER,BlueCow,15,40.297970094250104,Hard,11,86.562,1:26.562,STD,1
18,VER,BlueCow,15,38.89319569393865,Hard,12,86.225,1:26.225,STD,1
19,VER,BlueCow,15,35.921917756233825,Hard,13,86.259,1:26.259,STD,1
20,VER,BlueCow,20,34.053683880776134,Hard,14,108.772,1:48.772,STD,1
21,VER,BlueCow,18,34.41328523433958,Hard,15,87.054,1:27.054,HRV,1
22,VER,BlueCow,19,59.84430639454513,Hard,16,110.958,1:50.958,OVR,1
23,VER,BlueCow,19,60.390120675893286,Hard,17,86.851,1:26.851,STD,1
24,VER,BlueCow,18,61.37095585947509,Hard,18,87.136,1:27.136,STD,1
25,VER,BlueCow,16,62.694255061754575,Hard,19,87.843,1:27.843,HRV,1
26,VER,BlueCow,16,63.123746628686604,Hard,20,86.821,1:26.821,BST,1
27,VER,BlueCow,16,63.61749377621845,Hard,21,87.228,1:27.228,BST,1
28,VER,BlueCow,17,64.77723501876562,Hard,22,87.639,1:27.639,BST,1
29,VER,BlueCow,18,66.13596494760577,Hard,23,88.197,1:28.197,STD,1
30,VER,BlueCow,14,68.02275237246931,Hard,24,88.665,1:28.665,HRV,1
31,VER,BlueCow,14,91.81066227106703,Hard,1,111.072,1:51.072,PIT,2
32,VER,BlueCow,15,91.66375238535875,Hard,2,86.356,1:26.356,STD,2
33,VER,BlueCow,15,91.0225749646961,Hard,3,85.992,1:25.992,STD,2
34,VER,BlueCow,15,90.91654615478001,Hard,4,86.043,1:26.043,STD,2
35,VER,BlueCow,15,91.89721542753887,Hard,5,87.072,1:27.072,HRV,2
36,VER,BlueCow,15,91.88194315957207,Hard,6,87.152,1:27.152,HRV,2
37,VER,BlueCow,16,92.8377903829437,Hard,7,87.22,1:27.220,HRV,2
38,VER,BlueCow,16,93.29869635171826,Hard,8,86.922,1:26.922,HRV,2
39,VER,BlueCow,17,93.35240155709198,Hard,9,87.106,1:27.106,HRV,2
40,VER,BlueCow,17,93.50801359538036,Hard,10,86.927,1:26.927,HRV,2
41,VER,BlueCow,17,92.79852823009423,Hard,11,86.915,1:26.915,HRV,2
42,VER,BlueCow,16,90.56854158328042,Hard,12,85.421,1:25.421,OVR,2
43,VER,BlueCow,15,90.05254817207106,Hard,13,86.978,1:26.978,HRV,2
44,VER,BlueCow,15,87.88586110629876,Hard,14,86.159,1:26.159,BST,2
45,VER,BlueCow,15,84.760278016141,Hard,15,85.99,1:25.990,BST,2
46,VER,BlueCow,15,82.35742350043029,Hard,16,87.066,1:27.066,HRV,2
47,VER,BlueCow,15,78.90764572502576,Hard,17,86.211,1:26.211,BST,2
48,VER,BlueCow,15,75.40113468329218,Hard,18,86.141,1:26.141,BST,2
49,VER,BlueCow,14,73.94914222494936,Hard,19,87.489,1:27.489,STD,2
50,VER,BlueCow,12,71.9338966853129,Hard,20,86.946,1:26.946,STD,2
51,VER,BlueCow,12,71.03403398561295,Hard,21,87.252,1:27.252,STD,2
52,VER,BlueCow,12,70.95458006351055,Hard,22,88.098,1:28.098,STD,2
53,VER,BlueCow,11,69.18286622042888,Hard,23,86.608,1:26.608,OVR,2
54,VER,BlueCow,11,69.73315590865332,Hard,24,88.648,1:28.648,HRV,2
55,VER,BlueCow,11,70.59783526017418,Hard,25,88.646,1:28.646,HRV,2
56,VER,BlueCow,11,72.20553755284345,Hard,26,89.853,1:29.853,BST,2
57,VER,BlueCow,10,70.37275284634961,Hard,27,87.641,1:27.641,OVR,2
58,VER,BlueCow,10,70.40844469789317,Hard,28,88.598,1:28.598,BST,2
59,VER,BlueCow,9,70.2285148098872,Hard,29,89.598,1:29.598,STD,2
60,VER,BlueCow,9,68.50400097183501,Hard,30,88.679,1:28.679,OVR,2
0,BEA,Hassle,13,18.0,Med,0.0,0.0,0:00.000,GRID,0
1,BEA,Hassle,13,18.176696299697824,Med,1.0,85.189,1:25.189,STD,0
2,BEA,Hassle,14,19.364762970490943,Med,2.0,86.024,1:26.024,HRV,0
3,BEA,Hassle,14,19.329010062533143,Med,3.0,84.493,1:24.493,BST,0
4,BEA,Hassle,14,19.78301139164006,Med,4.0,84.584,1:24.584,STD,0
5,BEA,Hassle,13,19.659858770178175,Med,5.0,84.964,1:24.964,STD,0
6,BEA,Hassle,20,44.65627655184204,Med,6.0,109.77,1:49.770,HRV,0
7,BEA,Hassle,20,46.22487320880771,Med,7.0,86.695,1:26.695,STD,0
8,BEA,Hassle,20,48.042569138274644,Med,8.0,87.168,1:27.168,HRV,0
9,BEA,Hassle,20,49.405281609527606,Med,9.0,86.913,1:26.913,STD,0
10,BEA,Hassle,20,50.84170878728196,Med,10.0,86.494,1:26.494,HRV,0
11,BEA,Hassle,20,51.03661229109866,Med,11.0,86.397,1:26.397,OVR,0
12,BEA,Hassle,20,52.291376250208714,Med,12.0,86.79,1:26.790,HRV,0
13,BEA,Hassle,20,53.05351890252109,Med,13.0,86.098,1:26.098,STD,0
14,BEA,Hassle,20,51.58245547975662,Med,14.0,85.299,1:25.299,OVR,0
15,BEA,Hassle,20,50.9172073689399,Med,15.0,86.958,1:26.958,STD,0
16,BEA,Hassle,18,50.91479007543762,Med,16.0,87.659,1:27.659,HRV,0
17,BEA,Hassle,18,51.8271801901642,Med,17.0,88.224,1:28.224,HRV,0
18,BEA,Hassle,18,51.37957610213016,Med,18.0,87.182,1:27.182,BST,0
19,BEA,Hassle,19,51.29933210907507,Med,19.0,89.151,1:29.151,HRV,0
20,BEA,Hassle,13,29.257776961104128,Med,20.0,88.598,1:28.598,STD,0
21,BEA,Hassle,14,32.81159997329064,Med,21.0,90.248,1:30.248,HRV,0
22,BEA,Hassle,16,38.184441828615945,Med,22.0,90.9,1:30.900,HRV,0
23,BEA,Hassle,13,42.728722468068554,Med,23.0,90.849,1:30.849,STD,0
24,BEA,Hassle,14,47.990781524718386,Med,24.0,91.417,1:31.417,BST,0
25,BEA,Hassle,19,72.20159652731672,Med,1,110.731,1:50.731,PIT,1
26,BEA,Hassle,18,71.0522106028734,Med,2,85.242,1:25.242,STD,1
27,BEA,Hassle,18,69.55354219472156,Med,3,85.236,1:25.236,STD,1
28,BEA,Hassle,18,67.44946844368724,Med,4,84.375,1:24.375,BST,1
29,BEA,Hassle,17,65.27502498131935,Med,5,84.664,1:24.664,BST,1
30,BEA,Hassle,13,62.80687461533489,Med,6,84.31,1:24.310,BST,1
31,BEA,Hassle,13,61.47195798091434,Med,7,85.949,1:25.949,HRV,1
32,BEA,Hassle,13,60.19161820106001,Med,8,85.223,1:25.223,STD,1
33,BEA,Hassle,13,58.458772399229474,Med,9,84.9,1:24.900,BST,1
34,BEA,Hassle,13,58.381649216447386,Med,10,86.072,1:26.072,HRV,1
35,BEA,Hassle,13,57.90646065619285,Med,11,85.617,1:25.617,STD,1
36,BEA,Hassle,13,57.4838008302786,Med,12,86.745,1:26.745,HRV,1
37,BEA,Hassle,13,56.71964923852693,Med,13,85.5,1:25.500,BST,1
38,BEA,Hassle,13,56.201898875083316,Med,14,85.944,1:25.944,BST,1
39,BEA,Hassle,12,54.76865313744793,Med,15,85.619,1:25.619,OVR,1
40,BEA,Hassle,10,54.69004174451129,Med,16,86.693,1:26.693,BST,1
41,BEA,Hassle,11,55.3504558579466,Med,17,88.285,1:28.285,STD,1
42,BEA,Hassle,10,55.443166496485446,Med,18,87.744,1:27.744,OVR,1
43,BEA,Hassle,12,57.21100481814847,Med,19,89.262,1:29.262,HRV,1
44,BEA,Hassle,12,58.41444948908111,Med,20,89.529,1:29.529,STD,1
45,BEA,Hassle,12,59.56971270022996,Med,21,90.27,1:30.270,STD,1
46,BEA,Hassle,12,60.713803658198685,Med,22,90.613,1:30.613,BST,1
47,BEA,Hassle,12,63.57455219913936,Med,23,92.522,1:32.522,HRV,1
48,BEA,Hassle,12,66.55026441687187,Med,24,92.624,1:32.624,STD,1
49,BEA,Hassle,12,71.67336324066764,Med,25,94.064,1:34.064,HRV,1
50,BEA,Hassle,14,78.08487156583487,Med,26,95.372,1:35.372,HRV,1
51,BEA,Hassle,14,85.14140444430905,Med,27,95.208,1:35.208,BST,1
52,BEA,Hassle,16,106.18199110236128,Soft,1,109.218,1:49.218,PIT,2
53,BEA,Hassle,14,100.4591577611618,Soft,2,82.657,1:22.657,BST,2
54,BEA,Hassle,14,95.94528632376114,Soft,3,83.584,1:23.584,STD,2
55,BEA,Hassle,14,92.56981960235044,Soft,4,84.406,1:24.406,HRV,2
56,BEA,Hassle,14,88.56350291327908,Soft,5,84.239,1:24.239,STD,2
57,BEA,Hassle,14,82.9488057158269,Soft,6,83.859,1:23.859,BST,2
58,BEA,Hassle,13,79.49054212417104,Soft,7,85.104,1:25.104,STD,2
59,BEA,Hassle,13,74.58590256227762,Soft,8,84.874,1:24.874,BST,2
60,BEA,Hassle,10,70.59086161065352,Soft,9,86.408,1:26.408,STD,2
0,BOR,Sober,19,27.0,Med,0.0,0.0,0:00.000,GRID,0
1,BOR,Sober,19,26.221090766885567,Med,1.0,84.234,1:24.234,BST,0
2,BOR,Sober,19,24.76071784473652,Med,2.0,83.375,1:23.375,OVR,0
3,BOR,Sober,18,24.209293529604963,Med,3.0,83.978,1:23.978,OVR,0
4,BOR,Sober,18,24.169256504255543,Med,4.0,84.09,1:24.090,BST,0
5,BOR,Sober,22,50.18875201711768,Med,5.0,111.107,1:51.107,STD,0
6,BOR,Sober,22,50.80071562791835,Med,6.0,85.385,1:25.385,STD,0
7,BOR,Sober,22,51.16204300504489,Med,7.0,85.488,1:25.488,STD,0
8,BOR,Sober,22,52.22877296085619,Med,8.0,86.417,1:26.417,STD,0
9,BOR,Sober,22,52.97790266339041,Med,9.0,86.299,1:26.299,STD,0
10,BOR,Sober,21,53.42938061088432,Med,10.0,85.509,1:25.509,STD,0
11,BOR,Sober,21,52.842634295745825,Med,11.0,85.615,1:25.615,STD,0
12,BOR,Sober,21,53.282718450214134,Med,12.0,85.975,1:25.975,STD,0
13,BOR,Sober,21,54.18712376778103,Med,13.0,86.241,1:26.241,STD,0
14,BOR,Sober,21,78.51662564107482,Hard,1,111.099,1:51.099,PIT,1
15,BOR,Sober,21,77.3651635885476,Hard,2,86.471,1:26.471,STD,1
16,BOR,Sober,21,76.01356771330188,Hard,3,86.31,1:26.310,STD,1
17,BOR,Sober,21,75.80901815777156,Hard,4,87.107,1:27.107,HRV,1
18,BOR,Sober,21,73.76845658589036,Hard,5,85.589,1:25.589,BST,1
19,BOR,Sober,21,70.20809242108885,Hard,6,85.67,1:25.670,BST,1
20,BOR,Sober,21,46.4566025053025,Hard,7,86.888,1:26.888,HRV,1
21,BOR,Sober,21,45.33677038023416,Hard,8,85.574,1:25.574,BST,1
22,BOR,Sober,17,46.91199840908462,Hard,9,87.102,1:27.102,HRV,1
23,BOR,Sober,14,46.17794004010966,Hard,10,85.571,1:25.571,BST,1
24,BOR,Sober,12,45.50175821140874,Hard,11,85.479,1:25.479,BST,1
25,BOR,Sober,12,44.93403187899048,Hard,12,85.952,1:25.952,BST,1
26,BOR,Sober,12,44.4571552367529,Hard,13,85.914,1:25.914,BST,1
27,BOR,Sober,12,44.17516258136402,Hard,14,86.453,1:26.453,STD,1
28,BOR,Sober,12,44.92394523248822,Hard,15,87.228,1:27.228,HRV,1
29,BOR,Sober,12,43.93992976748905,Hard,16,85.854,1:25.854,BST,1
30,BOR,Sober,15,68.2612358808542,Hard,1,111.099,1:51.099,PIT,2
31,BOR,Sober,15,91.91066227106694,Hard,2,110.934,1:50.934,HRV,2
32,BOR,Sober,14,90.2382254150316,Hard,3,84.831,1:24.831,OVR,2
33,BOR,Sober,14,88.99543629180789,Hard,4,85.39,1:25.390,BST,2
34,BOR,Sober,14,88.83296370429753,Hard,5,85.987,1:25.987,STD,2
35,BOR,Sober,14,88.87155240159291,Hard,6,86.13,1:26.130,STD,2
36,BOR,Sober,14,88.04914583182835,Hard,7,86.345,1:26.345,STD,2
37,BOR,Sober,14,88.11337016900006,Hard,8,86.329,1:26.329,STD,2
38,BOR,Sober,14,88.09054165057341,Hard,9,86.438,1:26.438,STD,2
39,BOR,Sober,14,87.0926936496653,Hard,10,86.055,1:26.055,STD,2
40,BOR,Sober,14,86.40999078203686,Hard,11,86.088,1:26.088,STD,2
41,BOR,Sober,14,85.20510821853077,Hard,12,86.419,1:26.419,STD,2
42,BOR,Sober,14,84.30796627335803,Hard,13,86.754,1:26.754,STD,2
43,BOR,Sober,14,83.48522290506844,Hard,14,86.671,1:26.671,STD,2
44,BOR,Sober,14,81.86246069006847,Hard,15,86.703,1:26.703,STD,2
45,BOR,Sober,14,80.35313461890019,Hard,16,87.606,1:27.606,HRV,2
46,BOR,Sober,14,77.51172056572295,Hard,17,86.628,1:26.628,STD,2
47,BOR,Sober,14,74.12208814619225,Hard,18,86.271,1:26.271,BST,2
48,BOR,Sober,13,71.70657545929953,Hard,19,87.232,1:27.232,STD,2
49,BOR,Sober,13,71.773363240668,Hard,20,89.007,1:29.007,STD,2
50,BOR,Sober,11,70.41520246433538,Hard,21,87.603,1:27.603,STD,2
51,BOR,Sober,11,70.27473528066093,Hard,22,88.011,1:28.011,HRV,2
52,BOR,Sober,11,70.85458006351018,Hard,23,88.757,1:28.757,HRV,2
53,BOR,Sober,12,69.95237032429304,Hard,24,87.478,1:27.478,BST,2
54,BOR,Sober,12,70.01668196810715,Hard,25,88.162,1:28.162,STD,2
55,BOR,Sober,12,71.19929641393173,Hard,26,88.964,1:28.964,HRV,2
56,BOR,Sober,12,72.30553755284382,Hard,27,89.351,1:29.351,HRV,2
57,BOR,Sober,11,72.18681248218854,Hard,28,89.355,1:29.355,HRV,2
58,BOR,Sober,11,72.21627871128385,Hard,29,88.591,1:28.591,BST,2
59,BOR,Sober,11,72.45456279205428,Hard,30,90.017,1:30.017,HRV,2
60,BOR,Sober,11,71.52059562717386,Hard,31,89.469,1:29.469,BST,2
0,LIN,ToroLoco,15,21.0,Med,0.0,0.0,0:00.000,GRID,0
1,LIN,ToroLoco,15,21.33622663717408,Med,1.0,85.349,1:25.349,HRV,0
2,LIN,ToroLoco,15,20.862371734660996,Med,2.0,84.362,1:24.362,BST,0
3,LIN,ToroLoco,16,21.294685980856855,Med,3.0,84.962,1:24.962,BST,0
4,LIN,ToroLoco,16,21.0136905181231,Med,4.0,83.849,1:23.849,OVR,0
5,LIN,ToroLoco,15,21.645327635935473,Med,5.0,85.719,1:25.719,HRV,0
6,LIN,ToroLoco,13,22.770778329112602,Med,6.0,85.899,1:25.899,HRV,0
7,LIN,ToroLoco,10,23.811691052002857,Med,7.0,86.167,1:26.167,HRV,0
8,LIN,ToroLoco,10,24.103095010714355,Med,8.0,85.642,1:25.642,HRV,0
9,LIN,ToroLoco,10,23.153854702823764,Med,9.0,84.601,1:24.601,BST,0
10,LIN,ToroLoco,10,23.652670060450532,Med,10.0,85.557,1:25.557,STD,0
11,LIN,ToroLoco,10,23.281472933394298,Med,11.0,85.83,1:25.830,STD,0
12,LIN,ToroLoco,10,24.221184200365997,Med,12.0,86.475,1:26.475,HRV,0
13,LIN,ToroLoco,10,24.59675241530772,Med,13.0,85.712,1:25.712,BST,0
14,LIN,ToroLoco,3,24.743947672194963,Med,14.0,86.917,1:26.917,STD,0
15,LIN,ToroLoco,3,23.104923840026913,Med,15.0,85.984,1:25.984,BST,0
16,LIN,ToroLoco,3,24.429339498438594,Med,16.0,88.986,1:28.986,BST,0
17,LIN,ToroLoco,3,23.3239084888487,Med,17.0,86.206,1:26.206,OVR,0
18,LIN,ToroLoco,3,22.970823396245578,Med,18.0,87.277,1:27.277,OVR,0
19,LIN,ToroLoco,3,22.79093192234609,Med,19.0,89.051,1:29.051,STD,0
20,LIN,ToroLoco,6,2.3786051987613064,Med,20.0,90.228,1:30.228,HRV,0
21,LIN,ToroLoco,6,5.172927459666653,Med,21.0,89.488,1:29.488,BST,0
22,LIN,ToroLoco,8,30.503877058774833,Hard,1,110.858,1:50.858,PIT,1
23,LIN,ToroLoco,8,30.475288703683418,Hard,2,86.277,1:26.277,STD,1
24,LIN,ToroLoco,8,29.992651181352358,Hard,3,85.673,1:25.673,BST,1
25,LIN,ToroLoco,8,29.90611383535952,Hard,4,86.433,1:26.433,STD,1
26,LIN,ToroLoco,8,29.660833243790876,Hard,5,86.146,1:26.146,STD,1
27,LIN,ToroLoco,8,29.42855129406371,Hard,6,86.502,1:26.502,STD,1
28,LIN,ToroLoco,8,29.680528175745167,Hard,7,86.731,1:26.731,HRV,1
29,LIN,ToroLoco,8,28.449661259365712,Hard,8,85.607,1:25.607,BST,1
30,LIN,ToroLoco,8,27.678724158783098,Hard,9,86.007,1:26.007,STD,1
31,LIN,ToroLoco,11,50.53285422991485,Hard,10,110.138,1:50.138,HRV,1
32,LIN,ToroLoco,11,51.19407244966578,Hard,11,87.165,1:27.165,HRV,1
33,LIN,ToroLoco,11,51.435391311703825,Hard,12,86.874,1:26.874,HRV,1
34,LIN,ToroLoco,11,51.119660058305726,Hard,13,85.834,1:25.834,BST,1
35,LIN,ToroLoco,11,52.024458624800445,Hard,14,86.997,1:26.997,HRV,1
36,LIN,ToroLoco,11,51.65665375545905,Hard,15,86.8,1:26.800,STD,1
37,LIN,ToroLoco,11,52.29056596421651,Hard,16,86.898,1:26.898,STD,1
38,LIN,ToroLoco,11,52.72329266883435,Hard,17,86.894,1:26.894,OVR,1
39,LIN,ToroLoco,11,52.46753900551403,Hard,18,86.797,1:26.797,STD,1
40,LIN,ToroLoco,7,53.17811200811775,Hard,19,87.482,1:27.482,HRV,1
41,LIN,ToroLoco,7,52.092268466487894,Hard,20,86.538,1:26.538,BST,1
42,LIN,ToroLoco,7,51.26793971408142,Hard,21,86.827,1:26.827,BST,1
43,LIN,ToroLoco,8,52.18807796642113,Hard,22,88.414,1:28.414,HRV,1
44,LIN,ToroLoco,9,51.3418040701099,Hard,23,87.479,1:27.479,BST,1
45,LIN,ToroLoco,9,50.10048428911432,Hard,24,87.874,1:27.874,STD,1
46,LIN,ToroLoco,9,47.98544583605462,Hard,25,87.354,1:27.354,BST,1
47,LIN,ToroLoco,9,47.14944673341324,Hard,26,88.825,1:28.825,STD,1
48,LIN,ToroLoco,9,45.7198540530444,Hard,27,88.218,1:28.218,BST,1
49,LIN,ToroLoco,9,44.92829149872159,Hard,28,88.149,1:28.149,BST,1
50,LIN,ToroLoco,9,46.220423452735304,Hard,29,90.253,1:30.253,HRV,1
51,LIN,ToroLoco,9,48.49690704966088,Hard,30,90.428,1:30.428,HRV,1
52,LIN,ToroLoco,9,49.44818630254849,Hard,31,89.128,1:29.128,BST,1
53,LIN,ToroLoco,9,51.43552733334036,Hard,32,90.367,1:30.367,STD,1
54,LIN,ToroLoco,9,53.17907155053217,Hard,33,89.841,1:29.841,BST,1
55,LIN,ToroLoco,9,57.17810757034931,Hard,34,91.78,1:31.780,HRV,1
56,LIN,ToroLoco,9,60.624386608636996,Hard,35,91.691,1:31.691,STD,1
57,LIN,ToroLoco,9,63.128071970812016,Hard,36,91.978,1:31.978,HRV,1
58,LIN,ToroLoco,9,67.78577798016067,Hard,37,93.22,1:33.220,HRV,1
59,LIN,ToroLoco,10,70.86144047883954,Hard,38,92.854,1:32.854,BST,1
60,LIN,ToroLoco,12,73.10031839701242,Hard,39,92.642,1:32.642,OVR,1
0,PER,CaddyShack,10,13.5,Med,0.0,0.0,0:00.000,GRID,0
1,PER,CaddyShack,10,12.621196388785222,Med,1.0,84.134,1:24.134,BST,0
2,PER,CaddyShack,9,12.221616546177472,Med,2.0,84.436,1:24.436,OVR,0
3,PER,CaddyShack,9,13.134310836736972,Med,3.0,85.442,1:25.442,HRV,0
4,PER,CaddyShack,9,14.620324174597329,Med,4.0,85.616,1:25.616,HRV,0
5,PER,CaddyShack,8,14.019188041385348,Med,5.0,84.486,1:24.486,BST,0
6,PER,CaddyShack,8,15.162946223085271,Med,6.0,85.917,1:25.917,HRV,0
7,PER,CaddyShack,6,14.920435627694701,Med,7.0,84.884,1:24.884,STD,0
8,PER,CaddyShack,6,14.287225282201007,Med,8.0,84.717,1:24.717,BST,0
9,PER,CaddyShack,6,14.929794049350448,Med,9.0,86.193,1:26.193,HRV,0
10,PER,CaddyShack,6,15.154133070353396,Med,10.0,85.282,1:25.282,BST,0
11,PER,CaddyShack,6,14.469540522859461,Med,11.0,85.517,1:25.517,BST,0
12,PER,CaddyShack,6,14.139234201912586,Med,12.0,85.205,1:25.205,BST,0
13,PER,CaddyShack,6,15.693479093412634,Med,13.0,86.89,1:26.890,HRV,0
14,PER,CaddyShack,12,32.95941448350982,Med,14.0,104.036,1:44.036,HRV,0
15,PER,CaddyShack,7,31.224361110122345,Med,15.0,85.888,1:25.888,OVR,0
16,PER,CaddyShack,8,30.449602900099535,Med,16.0,86.887,1:26.887,BST,0
17,PER,CaddyShack,10,31.288403102884104,Med,17.0,88.151,1:28.151,STD,0
18,PER,CaddyShack,10,32.079463994307616,Med,18.0,88.421,1:28.421,HRV,0
19,PER,CaddyShack,10,31.646623957592737,Med,19.0,88.798,1:28.798,STD,0
20,PER,CaddyShack,14,32.08930651949777,Hard,1,111.083,1:51.083,PIT,1
21,PER,CaddyShack,12,31.36145234890614,Hard,2,85.966,1:25.966,BST,1
22,PER,CaddyShack,9,31.535382070017477,Hard,3,85.701,1:25.701,BST,1
23,PER,CaddyShack,10,32.162425974174084,Hard,4,86.932,1:26.932,HRV,1
24,PER,CaddyShack,10,32.500337129108175,Hard,5,86.493,1:26.493,STD,1
25,PER,CaddyShack,10,31.370897591451012,Hard,6,85.391,1:25.391,BST,1
26,PER,CaddyShack,10,31.839805228007208,Hard,7,86.86,1:26.860,HRV,1
27,PER,CaddyShack,10,31.364734297297673,Hard,8,86.26,1:26.260,STD,1
28,PER,CaddyShack,9,30.163259766458395,Hard,9,85.277,1:25.277,OVR,1
29,PER,CaddyShack,9,28.80267896147825,Hard,10,85.478,1:25.478,OVR,1
30,PER,CaddyShack,9,27.799652394260193,Hard,11,85.775,1:25.775,OVR,1
31,PER,CaddyShack,5,25.70781937744505,Hard,12,85.193,1:25.193,OVR,1
32,PER,CaddyShack,7,26.626891750630875,Hard,13,87.422,1:27.422,HRV,1
33,PER,CaddyShack,7,26.960561223180775,Hard,14,86.967,1:26.967,STD,1
34,PER,CaddyShack,5,26.44680698642196,Hard,15,85.636,1:25.636,OVR,1
35,PER,CaddyShack,5,27.23656344029996,Hard,16,86.881,1:26.881,STD,1
36,PER,CaddyShack,5,26.31195933659592,Hard,17,86.243,1:26.243,BST,1
37,PER,CaddyShack,6,28.11206056509718,Hard,18,88.065,1:28.065,STD,1
38,PER,CaddyShack,6,29.421447830342004,Hard,19,87.771,1:27.771,HRV,1
39,PER,CaddyShack,7,30.02878981879303,Hard,20,87.66,1:27.660,STD,1
40,PER,CaddyShack,5,31.489376990293295,Hard,21,88.232,1:28.232,HRV,1
41,PER,CaddyShack,5,31.962592008109368,Hard,22,88.097,1:28.097,HRV,1
42,PER,CaddyShack,5,32.430316637436135,Hard,23,88.119,1:28.119,STD,1
43,PER,CaddyShack,5,33.02931605654612,Hard,24,88.093,1:28.093,STD,1
44,PER,CaddyShack,5,32.16069383460945,Hard,25,87.457,1:27.457,BST,1
45,PER,CaddyShack,3,31.747797798855117,Hard,26,88.702,1:28.702,STD,1
46,PER,CaddyShack,3,31.203584660346678,Hard,27,88.925,1:28.925,STD,1
47,PER,CaddyShack,3,29.805835552919234,Hard,28,88.263,1:28.263,BST,1
48,PER,CaddyShack,4,30.061210704598125,Hard,29,89.903,1:29.903,STD,1
49,PER,CaddyShack,4,31.915892203467592,Hard,30,90.795,1:30.795,HRV,1
50,PER,CaddyShack,6,33.18798859529579,Hard,31,90.233,1:30.233,STD,1
51,PER,CaddyShack,7,35.00815672287263,Hard,32,89.972,1:29.972,OVR,1
52,PER,CaddyShack,7,38.30760878647925,Hard,33,91.476,1:31.476,STD,1
53,PER,CaddyShack,8,41.60919844475302,Hard,34,91.681,1:31.681,STD,1
54,PER,CaddyShack,8,44.345675179464706,Hard,35,90.834,1:30.834,OVR,1
55,PER,CaddyShack,8,49.73580668416889,Hard,36,93.171,1:33.171,HRV,1
56,PER,CaddyShack,8,54.875106138591036,Hard,37,93.384,1:33.384,HRV,1
57,PER,CaddyShack,8,58.95570915313692,Hard,38,93.555,1:33.555,STD,1
58,PER,CaddyShack,8,64.35136365806557,Hard,39,93.958,1:33.958,STD,1
59,PER,CaddyShack,8,69.23825802823012,Hard,40,94.665,1:34.665,STD,1
60,PER,CaddyShack,13,73.49867063524016,Hard,41,94.664,1:34.664,BST,1
0,BOT,CaddyShack,20,28.5,Med,0.0,0.0,0:00.000,GRID,0
1,BOT,CaddyShack,20,27.895152481670806,Med,1.0,84.408,1:24.408,BST,0
2,BOT,CaddyShack,20,27.95755100663942,Med,2.0,84.898,1:24.898,STD,0
3,BOT,CaddyShack,20,27.832384714679165,Med,3.0,84.404,1:24.404,BST,0
4,BOT,CaddyShack,20,29.397146718326326,Med,4.0,85.694,1:25.694,HRV,0
5,BOT,CaddyShack,17,29.851030604099037,Med,5.0,85.541,1:25.541,HRV,0
6,BOT,CaddyShack,15,29.64129840687923,Med,6.0,84.564,1:24.564,BST,0
7,BOT,CaddyShack,14,29.755617710660886,Med,7.0,85.241,1:25.241,HRV,0
8,BOT,CaddyShack,14,30.3725879576632,Med,8.0,85.967,1:25.967,HRV,0
9,BOT,CaddyShack,14,30.78637698130467,Med,9.0,85.964,1:25.964,HRV,0
10,BOT,CaddyShack,14,31.274456096416316,Med,10.0,85.546,1:25.546,OVR,0
11,BOT,CaddyShack,14,31.5618285130912,Med,11.0,86.489,1:26.489,HRV,0
12,BOT,CaddyShack,14,32.2368083873439,Med,12.0,86.21,1:26.210,HRV,0
13,BOT,CaddyShack,15,33.63443958665607,Med,13.0,86.734,1:26.734,HRV,0
14,BOT,CaddyShack,14,33.38353465946352,Med,14.0,86.519,1:26.519,STD,0
15,BOT,CaddyShack,14,33.10957481980904,Med,15.0,87.349,1:27.349,HRV,0
16,BOT,CaddyShack,10,31.272277556986637,Med,16.0,85.824,1:25.824,OVR,0
17,BOT,CaddyShack,9,30.05090170496146,Med,17.0,86.091,1:26.091,OVR,0
18,BOT,CaddyShack,8,29.55254837058851,Med,18.0,87.132,1:27.132,OVR,0
19,BOT,CaddyShack,8,27.53699838738521,Med,19.0,87.215,1:27.215,OVR,0
20,BOT,CaddyShack,11,28.113719817111132,Hard,1,111.217,1:51.217,PIT,1
21,BOT,CaddyShack,11,27.667510146782433,Hard,2,86.248,1:26.248,STD,1
22,BOT,CaddyShack,7,28.58017684591664,Hard,3,86.44,1:26.440,STD,1
23,BOT,CaddyShack,7,28.91973149047203,Hard,4,86.645,1:26.645,HRV,1
24,BOT,CaddyShack,7,28.209307053236444,Hard,5,85.445,1:25.445,BST,1
25,BOT,CaddyShack,7,27.05498142908482,Hard,6,85.366,1:25.366,BST,1
26,BOT,CaddyShack,7,27.17172737465353,Hard,7,86.508,1:26.508,HRV,1
27,BOT,CaddyShack,7,26.464320483409665,Hard,8,86.027,1:26.027,BST,1
28,BOT,CaddyShack,6,25.17650131578148,Hard,9,85.191,1:25.191,OVR,1
29,BOT,CaddyShack,6,24.0827122452024,Hard,10,85.744,1:25.744,BST,1
30,BOT,CaddyShack,3,23.82312677301161,Hard,11,86.518,1:26.518,STD,1
31,BOT,CaddyShack,3,23.964101227987157,Hard,12,87.425,1:27.425,HRV,1
32,BOT,CaddyShack,4,24.706209065377607,Hard,13,87.245,1:27.245,HRV,1
33,BOT,CaddyShack,5,25.384935513935034,Hard,14,87.312,1:27.312,HRV,1
34,BOT,CaddyShack,6,26.496258716498232,Hard,15,87.261,1:27.261,HRV,1
35,BOT,CaddyShack,6,28.01749364249099,Hard,16,87.613,1:27.613,HRV,1
36,BOT,CaddyShack,7,28.09806570573528,Hard,17,87.248,1:27.248,HRV,1
37,BOT,CaddyShack,7,29.408744375717106,Hard,18,87.575,1:27.575,HRV,1
38,BOT,CaddyShack,7,30.22542927571476,Hard,19,87.278,1:27.278,STD,1
39,BOT,CaddyShack,6,29.54617149151545,Hard,20,86.373,1:26.373,OVR,1
40,BOT,CaddyShack,9,54.07364841483604,Hard,21,111.299,1:51.299,HRV,1
41,BOT,CaddyShack,9,54.11968601768331,Hard,22,87.67,1:27.670,STD,1
42,BOT,CaddyShack,9,53.5278154368757,Hard,23,87.059,1:27.059,BST,1
43,BOT,CaddyShack,10,54.614591068203026,Hard,24,88.581,1:28.581,HRV,1
44,BOT,CaddyShack,10,54.60897829351552,Hard,25,88.32,1:28.320,HRV,1
45,BOT,CaddyShack,10,53.84189059280516,Hard,26,88.348,1:28.348,STD,1
46,BOT,CaddyShack,10,53.15950009322705,Hard,27,88.787,1:28.787,HRV,1
47,BOT,CaddyShack,10,52.365273051188524,Hard,28,88.867,1:28.867,STD,1
48,BOT,CaddyShack,10,51.04976973970952,Hard,29,88.332,1:28.332,BST,1
49,BOT,CaddyShack,10,51.651557859844615,Hard,30,89.542,1:29.542,STD,1
50,BOT,CaddyShack,10,52.3699567242038,Hard,31,89.679,1:29.679,STD,1
51,BOT,CaddyShack,10,54.71237301833298,Hard,32,90.494,1:30.494,STD,1
52,BOT,CaddyShack,10,56.824704345764076,Hard,33,90.289,1:30.289,STD,1
53,BOT,CaddyShack,10,59.93606195083794,Hard,34,91.491,1:31.491,HRV,1
54,BOT,CaddyShack,10,63.63956859092923,Hard,35,91.801,1:31.801,HRV,1
55,BOT,CaddyShack,10,67.7981902549318,Hard,36,91.94,1:31.940,STD,1
56,BOT,CaddyShack,10,72.10553755284309,Hard,37,92.552,1:32.552,HRV,1
57,BOT,CaddyShack,12,75.10479354630297,Hard,38,92.473,1:32.473,BST,1
58,BOT,CaddyShack,14,80.42022169506436,Hard,39,93.877,1:33.877,STD,1
59,BOT,CaddyShack,14,84.64969172160727,Hard,40,94.008,1:34.008,STD,1
60,BOT,CaddyShack,14,89.27579226069247,Hard,41,95.029,1:35.029,HRV,1
0,PIA,McPapaya,7,9.0,Med,0.0,0.0,0:00.000,GRID,0
1,PIA,McPapaya,7,9.62554188195675,Med,1.0,85.638,1:25.638,HRV,0
2,PIA,McPapaya,7,10.817208496502246,Med,2.0,86.027,1:26.027,HRV,0
3,PIA,McPapaya,8,11.96687041454021,Med,3.0,85.679,1:25.679,HRV,0
4,PIA,McPapaya,8,13.332036456371156,Med,4.0,85.495,1:25.495,HRV,0
5,PIA,McPapaya,20,39.448146352180174,Hard,1,111.204,1:51.204,PIT,1
6,PIA,McPapaya,18,40.449219730774246,Hard,2,85.775,1:25.775,BST,1
7,PIA,McPapaya,17,40.84452930595421,Hard,3,85.522,1:25.522,BST,1
8,PIA,McPapaya,17,41.151849145722394,Hard,4,85.658,1:25.658,BST,1
9,PIA,McPapaya,17,41.30641781752183,Hard,5,85.705,1:25.705,BST,1
10,PIA,McPapaya,17,41.99556554599917,Hard,6,85.747,1:25.747,BST,1
11,PIA,McPapaya,17,41.53010013517178,Hard,7,85.736,1:25.736,BST,1
12,PIA,McPapaya,17,42.576451362686385,Hard,8,86.582,1:26.582,STD,1
13,PIA,McPapaya,17,43.26545996646314,Hard,9,86.025,1:26.025,STD,1
14,PIA,McPapaya,15,42.98558174601703,Hard,10,86.49,1:26.490,STD,1
15,PIA,McPapaya,16,41.508391203325345,Hard,11,86.146,1:26.146,STD,1
16,PIA,McPapaya,14,40.200724852380745,Hard,12,86.354,1:26.354,STD,1
17,PIA,McPapaya,14,39.215978981090984,Hard,13,86.327,1:26.327,STD,1
18,PIA,McPapaya,14,38.32379703309698,Hard,14,86.738,1:26.738,STD,1
19,PIA,McPapaya,14,35.613835788031565,Hard,15,86.521,1:26.521,STD,1
20,PIA,McPapaya,19,33.75368388077618,Hard,16,108.78,1:48.780,STD,1
21,PIA,McPapaya,17,33.83553699370577,Hard,17,86.776,1:26.776,STD,1
22,PIA,McPapaya,18,59.74430639454522,Hard,1,111.436,1:51.436,PIT,2
23,PIA,McPapaya,18,59.4027003002966,Hard,2,85.964,1:25.964,STD,2
24,PIA,McPapaya,17,60.092778854720564,Hard,3,86.845,1:26.845,HRV,2
25,PIA,McPapaya,15,59.26394187431106,Hard,4,85.691,1:25.691,BST,2
26,PIA,McPapaya,15,59.36819997202747,Hard,5,86.495,1:26.495,STD,2
27,PIA,McPapaya,15,58.44381878887316,Hard,6,85.81,1:25.810,BST,2
28,PIA,McPapaya,15,57.766978176380235,Hard,7,85.802,1:25.802,BST,2
29,PIA,McPapaya,15,57.28244493487773,Hard,8,86.354,1:26.354,STD,2
30,PIA,McPapaya,18,68.76123588085375,Hard,9,98.257,1:38.257,STD,2
31,PIA,McPapaya,18,92.21066227106667,Hard,10,110.734,1:50.734,STD,2
32,PIA,McPapaya,16,92.37297438460291,Hard,11,86.666,1:26.666,STD,2
33,PIA,McPapaya,16,92.99457596980847,Hard,12,87.255,1:27.255,HRV,2
34,PIA,McPapaya,16,92.70106503119541,Hard,13,85.856,1:25.856,BST,2
35,PIA,McPapaya,17,93.78385518576715,Hard,14,87.175,1:27.175,HRV,2
36,PIA,McPapaya,17,92.59371035983668,Hard,15,85.978,1:25.978,OVR,2
37,PIA,McPapaya,18,93.86543292951819,Hard,16,87.536,1:27.536,HRV,2
38,PIA,McPapaya,17,93.40718493782833,Hard,17,86.003,1:26.003,OVR,2
39,PIA,McPapaya,16,92.46191717495367,Hard,18,86.107,1:26.107,OVR,2
40,PIA,McPapaya,16,92.23645249468336,Hard,19,86.546,1:26.546,BST,2
41,PIA,McPapaya,16,92.13452656620166,Hard,20,87.522,1:27.522,STD,2
42,PIA,McPapaya,17,93.02401366150525,Hard,21,88.541,1:28.541,HRV,2
43,PIA,McPapaya,17,92.67569726041484,Hard,22,87.146,1:27.146,BST,2
44,PIA,McPapaya,16,91.86262403545516,Hard,23,87.512,1:27.512,BST,2
45,PIA,McPapaya,16,90.44073803757783,Hard,24,87.693,1:27.693,BST,2
46,PIA,McPapaya,16,89.15203945771555,Hard,25,88.181,1:28.181,STD,2
47,PIA,McPapaya,16,88.28934277502594,Hard,26,88.798,1:28.798,STD,2
48,PIA,McPapaya,16,86.93455403159624,Hard,27,88.293,1:28.293,STD,2
49,PIA,McPapaya,16,87.73753047402715,Hard,28,89.744,1:29.744,STD,2
50,PIA,McPapaya,16,88.33763913004896,Hard,29,89.561,1:29.561,STD,2
51,PIA,McPapaya,16,90.08762823085362,Hard,30,89.902,1:29.902,STD,2
52,PIA,McPapaya,13,92.36864438507473,Hard,31,90.458,1:30.458,STD,2
53,PIA,McPapaya,16,114.97601051210859,Hard,1,110.987,1:50.987,PIT,3
54,PIA,McPapaya,15,113.68259864844094,Hard,2,86.804,1:26.804,STD,3
55,PIA,McPapaya,15,111.90901623964692,Hard,3,86.008,1:26.008,STD,3
56,PIA,McPapaya,15,109.85879294182814,Hard,4,86.195,1:26.195,STD,3
57,PIA,McPapaya,15,106.59247683126341,Hard,5,86.208,1:26.208,STD,3
58,PIA,McPapaya,15,103.85465950876915,Hard,6,85.824,1:25.824,STD,3
59,PIA,McPapaya,15,100.92887450981652,Hard,7,86.852,1:26.852,HRV,3
60,PIA,McPapaya,15,97.27253892041062,Hard,8,86.747,1:26.747,HRV,3
0,OCO,Hassle,11,15.0,Med,0.0,0.0,0:00.000,GRID,0
1,OCO,Hassle,11,14.496407270368778,Med,1.0,84.509,1:24.509,BST,0
2,OCO,Hassle,11,15.272247635161932,Med,2.0,85.611,1:25.611,HRV,0
3,OCO,Hassle,11,16.13892735297452,Med,3.0,85.396,1:25.396,HRV,0
4,OCO,Hassle,11,16.584203798893725,Med,4.0,84.575,1:24.575,BST,0
5,OCO,Hassle,9,15.324032325072494,Med,5.0,83.827,1:23.827,OVR,0
6,OCO,Hassle,9,16.27757238301382,Med,6.0,85.727,1:25.727,HRV,0
7,OCO,Hassle,7,15.855267384931722,Med,7.0,84.704,1:24.704,BST,0
8,OCO,Hassle,7,15.530747431085842,Med,8.0,85.026,1:25.026,STD,0
9,OCO,Hassle,7,14.947870234269999,Med,9.0,84.967,1:24.967,BST,0
10,OCO,Hassle,7,15.254133070353419,Med,10.0,85.364,1:25.364,OVR,0
11,OCO,Hassle,7,14.658264773086671,Med,11.0,85.606,1:25.606,STD,0
12,OCO,Hassle,7,14.239234201912495,Med,12.0,85.116,1:25.116,OVR,0
13,OCO,Hassle,7,15.793479093412543,Med,13.0,86.89,1:26.890,STD,0
14,OCO,Hassle,13,33.05941448350973,Med,14.0,104.036,1:44.036,STD,0
15,OCO,Hassle,11,32.00813708521059,Med,15.0,86.572,1:26.572,STD,0
16,OCO,Hassle,11,31.532081789323456,Med,16.0,87.185,1:27.185,STD,0
17,OCO,Hassle,11,32.182411599286525,Med,17.0,87.962,1:27.962,STD,0
18,OCO,Hassle,11,33.08885668971675,Med,18.0,88.536,1:28.536,STD,0
19,OCO,Hassle,11,32.8199754828604,Med,19.0,88.962,1:28.962,STD,0
20,OCO,Hassle,15,32.18930651949768,Med,20.0,110.009,1:50.009,STD,0
21,OCO,Hassle,20,36.018373788135705,Med,21.0,90.523,1:30.523,STD,0
22,OCO,Hassle,21,60.24430639454499,Med,22.0,109.753,1:49.753,STD,0
23,OCO,Hassle,21,66.0803439177821,Med,23.0,92.141,1:32.141,STD,0
24,OCO,Hassle,21,72.79871405976064,Med,24.0,92.874,1:32.874,STD,0
25,OCO,Hassle,21,96.34449193359524,Med,1,110.066,1:50.066,PIT,1
26,OCO,Hassle,21,94.9591296735307,Med,2,85.006,1:25.006,STD,1
27,OCO,Hassle,21,93.7297014340561,Med,3,85.505,1:25.505,HRV,1
28,OCO,Hassle,21,102.3880551267057,Med,4,95.137,1:35.137,HRV,1
29,OCO,Hassle,20,101.40446717992472,Med,5,85.855,1:25.855,HRV,1
30,OCO,Hassle,20,100.45678290899195,Med,6,85.83,1:25.830,HRV,1
31,OCO,Hassle,20,97.46440941100263,Med,7,84.292,1:24.292,BST,1
32,OCO,Hassle,18,95.38308845067968,Med,8,84.422,1:24.422,BST,1
33,OCO,Hassle,18,94.76041479220703,Med,9,86.01,1:26.010,HRV,1
34,OCO,Hassle,18,93.50190122535696,Med,10,84.891,1:24.891,BST,1
35,OCO,Hassle,18,93.85628168006633,Med,11,86.446,1:26.446,HRV,1
36,OCO,Hassle,18,92.69371035983659,Med,12,86.005,1:26.005,STD,1
37,OCO,Hassle,15,91.85212686731711,Med,13,85.423,1:25.423,OVR,1
38,OCO,Hassle,15,90.97589252964917,Med,14,85.585,1:25.585,BST,1
39,OCO,Hassle,15,89.89989565715359,Med,15,85.977,1:25.977,BST,1
40,OCO,Hassle,15,89.34770528445006,Med,16,86.219,1:26.219,BST,1
41,OCO,Hassle,15,88.8704583870408,Med,17,87.147,1:27.147,BST,1
42,OCO,Hassle,15,89.49456002251236,Med,18,88.275,1:28.275,STD,1
43,OCO,Hassle,16,90.84918615693596,Med,19,88.849,1:28.849,STD,1
44,OCO,Hassle,17,92.08067697444676,Med,20,89.557,1:29.557,STD,1
45,OCO,Hassle,17,92.77114234821875,Med,21,89.806,1:29.806,STD,1
46,OCO,Hassle,17,94.01642110988678,Med,22,90.715,1:30.715,STD,1
47,OCO,Hassle,17,95.75288488533988,Med,23,91.397,1:31.397,STD,1
48,OCO,Hassle,17,99.2033764993057,Med,24,93.098,1:33.098,HRV,1
49,OCO,Hassle,18,103.78810841289123,Med,25,93.525,1:33.525,HRV,1
50,OCO,Hassle,18,108.09714015146346,Med,26,93.27,1:33.270,BST,1
51,OCO,Hassle,18,114.52929373248116,Med,27,94.584,1:34.584,BST,1
52,OCO,Hassle,19,135.51517312960186,Soft,1,109.163,1:49.163,PIT,2
53,OCO,Hassle,19,131.58020590396427,Soft,2,84.445,1:24.445,HRV,2
54,OCO,Hassle,19,128.38787849016626,Soft,3,84.905,1:24.905,HRV,2
55,OCO,Hassle,17,124.1461660959585,Soft,4,83.54,1:23.540,BST,2
56,OCO,Hassle,17,119.44975894727577,Soft,5,83.548,1:23.548,BST,2
57,OCO,Hassle,17,114.6154646118257,Soft,6,84.64,1:24.640,STD,2
58,OCO,Hassle,17,111.65333790538534,Soft,7,85.6,1:25.600,STD,2
59,OCO,Hassle,17,107.18500857726758,Soft,8,85.31,1:25.310,OVR,2
60,OCO,Hassle,16,101.93049740695187,Soft,9,85.149,1:25.149,OVR,2
0,GAS,Alpain,21,30.0,Med,0.0,0.0,0:00.000,GRID,0
1,GAS,Alpain,21,29.832152280078333,Med,1.0,84.845,1:24.845,STD,0
2,GAS,Alpain,21,30.155101792532122,Med,2.0,85.158,1:25.158,STD,0
3,GAS,Alpain,21,30.02081907861748,Med,3.0,84.395,1:24.395,BST,0
4,GAS,Alpain,21,31.765064115486382,Med,4.0,85.874,1:25.874,HRV,0
5,GAS,Alpain,18,31.67295930008413,Med,5.0,84.996,1:24.996,STD,0
6,GAS,Alpain,16,31.832902433355287,Med,6.0,84.933,1:24.933,STD,0
7,GAS,Alpain,16,32.47705727135053,Med,7.0,85.77,1:25.770,HRV,0
8,GAS,Alpain,15,31.381047578987136,Med,8.0,84.254,1:24.254,OVR,0
9,GAS,Alpain,15,31.05009162870431,Med,9.0,85.219,1:25.219,STD,0
10,GAS,Alpain,15,31.906188401089025,Med,10.0,85.914,1:25.914,HRV,0
11,GAS,Alpain,15,31.859383642461125,Med,11.0,86.155,1:26.155,HRV,0
12,GAS,Alpain,15,32.26595188611327,Med,12.0,85.942,1:25.942,STD,0
13,GAS,Alpain,16,33.934439586656026,Med,13.0,87.005,1:27.005,HRV,0
14,GAS,Alpain,8,32.35045407456664,Med,14.0,85.186,1:25.186,OVR,0
15,GAS,Alpain,13,32.4033655677481,Med,15.0,87.676,1:27.676,HRV,0
16,GAS,Alpain,20,55.961889715627876,Med,16.0,111.22,1:51.220,OVR,0
17,GAS,Alpain,20,55.18294980949236,Med,17.0,86.533,1:26.533,OVR,0
18,GAS,Alpain,20,56.06574189980256,Med,18.0,88.513,1:28.513,HRV,0
19,GAS,Alpain,20,54.87228026941921,Med,19.0,88.037,1:28.037,BST,0
20,GAS,Alpain,17,33.55489475951299,Med,20.0,89.323,1:29.323,STD,0
21,GAS,Alpain,19,35.79243977792362,Med,21.0,88.932,1:28.932,OVR,0
22,GAS,Alpain,20,59.94430639454504,Med,22.0,109.679,1:49.679,BST,0
23,GAS,Alpain,20,65.98034391778219,Med,23.0,92.341,1:32.341,HRV,0
24,GAS,Alpain,20,72.70770202958147,Med,24.0,92.883,1:32.883,STD,0
25,GAS,Alpain,20,96.24449193359533,Med,1,110.057,1:50.057,PIT,1
26,GAS,Alpain,20,94.85912967353079,Med,2,85.006,1:25.006,STD,1
27,GAS,Alpain,20,92.58436844280868,Med,3,84.46,1:24.460,BST,1
28,GAS,Alpain,20,102.28805512670579,Med,4,96.183,1:36.183,STD,1
29,GAS,Alpain,19,99.44852784045815,Med,5,83.999,1:23.999,OVR,1
30,GAS,Alpain,19,97.75027455975078,Med,6,85.08,1:25.080,STD,1
31,GAS,Alpain,19,96.33477873113634,Med,7,85.869,1:25.869,HRV,1
32,GAS,Alpain,17,95.10635635601466,Med,8,85.275,1:25.275,STD,1
33,GAS,Alpain,17,93.23552747521217,Med,9,84.762,1:24.762,BST,1
34,GAS,Alpain,17,92.95419140919284,Med,10,85.868,1:25.868,HRV,1
35,GAS,Alpain,16,93.70562037614854,Med,11,86.843,1:26.843,HRV,1
36,GAS,Alpain,16,92.49371035983677,Med,12,85.956,1:25.956,STD,1
37,GAS,Alpain,17,92.9377903829436,Med,13,86.709,1:26.709,HRV,1
38,GAS,Alpain,18,93.62285127374162,Med,14,87.146,1:27.146,HRV,1
39,GAS,Alpain,18,93.46721350353664,Med,15,86.897,1:26.897,STD,1
40,GAS,Alpain,18,93.68632427564853,Med,16,86.99,1:26.990,STD,1
41,GAS,Alpain,18,94.13469147569685,Med,17,88.073,1:28.073,HRV,1
42,GAS,Alpain,18,93.59389975139356,Med,18,87.11,1:27.110,BST,1
43,GAS,Alpain,18,94.89609258492055,Med,19,88.796,1:28.796,HRV,1
44,GAS,Alpain,18,96.18613894378132,Med,20,89.616,1:29.616,HRV,1
45,GAS,Alpain,18,96.19640553051022,Med,21,89.125,1:29.125,BST,1
46,GAS,Alpain,18,96.88811681733159,Med,22,90.161,1:30.161,STD,1
47,GAS,Alpain,18,97.74399981113856,Med,23,90.517,1:30.517,BST,1
48,GAS,Alpain,18,100.73193788651315,Med,24,92.636,1:32.636,HRV,1
49,GAS,Alpain,19,105.11180095143209,Med,25,93.32,1:33.320,HRV,1
50,GAS,Alpain,19,110.43495896342574,Med,26,94.284,1:34.284,HRV,1
51,GAS,Alpain,19,117.13844471868833,Med,27,94.855,1:34.855,STD,1
52,GAS,Alpain,20,138.06706802466215,Soft,1,109.106,1:49.106,PIT,2
53,GAS,Alpain,20,133.5429966269421,Soft,2,83.856,1:23.856,STD,2
54,GAS,Alpain,20,129.80325574685503,Soft,3,84.358,1:24.358,HRV,2
55,GAS,Alpain,19,126.10053012087519,Soft,4,84.079,1:24.079,STD,2
56,GAS,Alpain,18,121.15595977476187,Soft,5,83.3,1:23.300,OVR,2
57,GAS,Alpain,18,115.5965091112439,Soft,6,83.915,1:23.915,BST,2
58,GAS,Alpain,16,111.5144180963025,Soft,7,84.48,1:24.480,OVR,2
59,GAS,Alpain,16,107.08500857726722,Soft,8,85.349,1:25.349,BST,2
60,GAS,Alpain,17,104.25314217075083,Soft,9,87.572,1:27.572,HRV,2
0,STR,Astonishing,12,16.5,Med,0.0,0.0,0:00.000,GRID,0
1,STR,Astonishing,12,17.2381236804314,Med,1.0,85.751,1:25.751,HRV,0
2,STR,Astonishing,13,18.23504389673178,Med,2.0,85.832,1:25.832,HRV,0
3,STR,Astonishing,13,17.926590149749927,Med,3.0,84.221,1:24.221,OVR,0
4,STR,Astonishing,13,17.659062666528257,Med,4.0,83.862,1:23.862,OVR,0
5,STR,Astonishing,12,18.385547681728383,Med,5.0,85.814,1:25.814,HRV,0
6,STR,Astonishing,19,44.35627655184197,Hard,1,110.744,1:50.744,PIT,1
7,STR,Astonishing,19,46.124873208807685,Hard,2,86.895,1:26.895,HRV,1
8,STR,Astonishing,19,47.94256913827462,Hard,3,87.168,1:27.168,HRV,1
9,STR,Astonishing,19,49.30528160952758,Hard,4,86.913,1:26.913,HRV,1
10,STR,Astonishing,19,50.74170878728194,Hard,5,86.494,1:26.494,STD,1
11,STR,Astonishing,19,50.93661229109864,Hard,6,86.397,1:26.397,STD,1
12,STR,Astonishing,19,52.191376250208805,Hard,7,86.79,1:26.790,HRV,1
13,STR,Astonishing,19,52.32441955436775,Hard,8,85.469,1:25.469,BST,1
14,STR,Astonishing,19,51.48245547975671,Hard,9,85.928,1:25.928,BST,1
15,STR,Astonishing,19,50.55596400698482,Hard,10,86.696,1:26.696,STD,1
16,STR,Astonishing,17,48.83477560972278,Hard,11,85.94,1:25.940,BST,1
17,STR,Astonishing,17,47.11700620825286,Hard,12,85.594,1:25.594,BST,1
18,STR,Astonishing,17,45.08901631273102,Hard,13,85.602,1:25.602,BST,1
19,STR,Astonishing,16,42.68613300148286,Hard,14,86.828,1:26.828,STD,1
20,STR,Astonishing,8,18.87944289978077,Hard,15,86.833,1:26.833,STD,1
21,STR,Astonishing,8,19.239765222861706,Hard,16,87.054,1:27.054,STD,1
22,STR,Astonishing,11,31.97656626664798,Hard,17,98.264,1:38.264,STD,1
23,STR,Astonishing,15,56.93329888740982,Hard,1,111.262,1:51.262,PIT,2
24,STR,Astonishing,15,56.412191848817656,Hard,2,85.634,1:25.634,BST,2
25,STR,Astonishing,13,56.17847926579134,Hard,3,86.286,1:26.286,STD,2
26,STR,Astonishing,13,55.700666094706776,Hard,4,85.913,1:25.913,STD,2
27,STR,Astonishing,13,55.46145668179679,Hard,5,86.495,1:26.495,STD,2
28,STR,Astonishing,13,55.20669907249476,Hard,6,86.224,1:26.224,STD,2
29,STR,Astonishing,13,54.692183158516855,Hard,7,86.324,1:26.324,STD,2
30,STR,Astonishing,16,68.36123588085411,Hard,8,100.447,1:40.447,STD,2
31,STR,Astonishing,16,92.01066227106685,Hard,9,110.934,1:50.934,STD,2
32,STR,Astonishing,20,116.43034311750216,Hard,1,110.923,1:50.923,PIT,3
33,STR,Astonishing,20,116.14059948300701,Hard,2,86.343,1:26.343,STD,3
34,STR,Astonishing,20,115.95012942256199,Hard,3,85.959,1:25.959,STD,3
35,STR,Astonishing,20,116.14759710346561,Hard,4,86.289,1:26.289,STD,3
36,STR,Astonishing,20,115.3962037769461,Hard,5,86.416,1:26.416,STD,3
37,STR,Astonishing,20,115.76959526833707,Hard,6,86.638,1:26.638,HRV,3
38,STR,Astonishing,20,115.8499008822746,Hard,7,86.542,1:26.542,HRV,3
39,STR,Astonishing,20,115.72871365205447,Hard,8,86.931,1:26.931,HRV,3
40,STR,Astonishing,20,115.6543273827474,Hard,9,86.697,1:26.697,HRV,3
41,STR,Astonishing,20,114.71747958676133,Hard,10,86.687,1:26.687,HRV,3
42,STR,Astonishing,20,113.76072694055529,Hard,11,86.694,1:26.694,HRV,3
43,STR,Astonishing,20,113.4704795985358,Hard,12,87.204,1:27.204,HRV,3
44,STR,Astonishing,20,111.56449406512547,Hard,13,86.42,1:26.420,STD,3
45,STR,Astonishing,20,108.69480951709147,Hard,14,86.246,1:26.246,STD,3
46,STR,Astonishing,20,105.7513235185711,Hard,15,86.526,1:26.526,STD,3
47,STR,Astonishing,20,102.01124101461573,Hard,16,85.921,1:25.921,BST,3
48,STR,Astonishing,20,100.93193788651388,Hard,17,88.569,1:28.569,HRV,3
49,STR,Astonishing,17,98.10896677774053,Hard,18,86.118,1:26.118,OVR,3
50,STR,Astonishing,17,95.53442854842069,Hard,19,86.386,1:26.386,BST,3
51,STR,Astonishing,17,95.15065091855377,Hard,20,87.768,1:27.768,HRV,3
52,STR,Astonishing,14,93.25189171251077,Hard,21,86.278,1:26.278,BST,3
53,STR,Astonishing,17,115.27601051210877,Hard,22,110.404,1:50.404,STD,3
54,STR,Astonishing,16,113.78259864844131,Hard,23,86.604,1:26.604,OVR,3
55,STR,Astonishing,16,114.53149341082008,Hard,24,88.53,1:28.530,HRV,3
56,STR,Astonishing,16,115.09687648821182,Hard,25,88.81,1:28.810,HRV,3
57,STR,Astonishing,16,113.44007432913259,Hard,26,87.817,1:27.817,BST,3
58,STR,Astonishing,18,113.26391792485538,Hard,27,88.386,1:28.386,BST,3
59,STR,Astonishing,18,111.8184173780719,Hard,28,88.333,1:28.333,BST,3
60,STR,Astonishing,18,110.10955570283295,Hard,29,88.695,1:28.695,BST,3
0,NOR,McPapaya,17,24.0,Med,0.0,0.0,0:00.000,GRID,0
1,NOR,McPapaya,17,23.579402198652957,Med,1.0,84.592,1:24.592,BST,0
2,NOR,McPapaya,17,23.132516692574484,Med,2.0,84.389,1:24.389,BST,0
3,NOR,McPapaya,17,22.891206750247818,Med,3.0,84.288,1:24.288,BST,0
4,NOR,McPapaya,17,23.59578599842024,Med,4.0,84.834,1:24.834,BST,0
5,NOR,McPapaya,21,49.88875201711767,Hard,1,111.381,1:51.381,PIT,1
6,NOR,McPapaya,21,50.70071562791833,Hard,2,85.585,1:25.585,BST,1
7,NOR,McPapaya,21,51.06204300504487,Hard,3,85.488,1:25.488,BST,1
8,NOR,McPapaya,21,52.12877296085617,Hard,4,86.417,1:26.417,STD,1
9,NOR,McPapaya,21,52.87790266339039,Hard,5,86.299,1:26.299,STD,1
10,NOR,McPapaya,22,54.04020489876268,Hard,6,86.22,1:26.220,STD,1
11,NOR,McPapaya,22,54.13813518226891,Hard,7,86.3,1:26.300,STD,1
12,NOR,McPapaya,22,54.56956445178207,Hard,8,85.967,1:25.967,STD,1
13,NOR,McPapaya,22,55.387017342715126,Hard,9,86.154,1:26.154,STD,1
14,NOR,McPapaya,22,78.61662564107473,Hard,10,110.0,1:50.000,STD,1
15,NOR,McPapaya,22,77.38049098422016,Hard,11,86.387,1:26.387,STD,1
16,NOR,McPapaya,22,76.19514119398286,Hard,12,86.476,1:26.476,STD,1
17,NOR,McPapaya,22,75.90901815777147,Hard,13,87.026,1:27.026,STD,1
18,NOR,McPapaya,22,74.76136656327321,Hard,14,86.482,1:26.482,STD,1
19,NOR,McPapaya,22,72.27819717618581,Hard,15,86.748,1:26.748,STD,1
20,NOR,McPapaya,22,48.57852344004891,Hard,16,86.94,1:26.940,STD,1
21,NOR,McPapaya,22,49.37093994824181,Hard,17,87.486,1:27.486,HRV,1
22,NOR,McPapaya,22,74.84494788496568,Hard,1,111.001,1:51.001,PIT,2
23,NOR,McPapaya,22,74.92576363527132,Hard,2,86.386,1:26.386,HRV,2
24,NOR,McPapaya,22,74.50804054301489,Hard,3,85.738,1:25.738,BST,2
25,NOR,McPapaya,22,96.44449193359515,Hard,4,108.456,1:48.456,BST,2
26,NOR,McPapaya,22,95.10279557690774,Hard,5,85.049,1:25.049,OVR,2
27,NOR,McPapaya,22,93.829701434056,Hard,6,85.461,1:25.461,OVR,2
28,NOR,McPapaya,22,102.4880551267056,Hard,7,95.137,1:35.137,STD,2
29,NOR,McPapaya,21,102.13298947914791,Hard,8,86.483,1:26.483,STD,2
30,NOR,McPapaya,21,101.4805128725161,Hard,9,86.126,1:26.126,STD,2
31,NOR,McPapaya,21,100.34374463892118,Hard,10,86.148,1:26.148,STD,2
32,NOR,McPapaya,19,100.20500955591933,Hard,11,86.365,1:26.365,STD,2
33,NOR,McPapaya,19,100.13935799653245,Hard,12,86.567,1:26.567,STD,2
34,NOR,McPapaya,19,100.94384436295059,Hard,13,86.954,1:26.954,HRV,2
35,NOR,McPapaya,19,101.72504172285608,Hard,14,86.873,1:26.873,HRV,2
36,NOR,McPapaya,19,102.10234724126349,Hard,15,87.545,1:27.545,HRV,2
37,NOR,McPapaya,19,102.0843833598442,Hard,16,86.247,1:26.247,BST,2
38,NOR,McPapaya,19,101.94701629771134,Hard,17,86.324,1:26.324,BST,2
39,NOR,McPapaya,19,101.13143940522059,Hard,18,86.237,1:26.237,BST,2
40,NOR,McPapaya,19,101.71394470069527,Hard,19,87.354,1:27.354,STD,2
41,NOR,McPapaya,19,102.26894124523096,Hard,20,88.179,1:28.179,HRV,2
42,NOR,McPapaya,19,102.92279656591245,Hard,21,88.305,1:28.305,HRV,2
43,NOR,McPapaya,19,103.88638768292549,Hard,22,88.458,1:28.458,HRV,2
44,NOR,McPapaya,19,102.8073288006708,Hard,23,87.246,1:27.246,BST,2
45,NOR,McPapaya,19,102.45557385205257,Hard,24,88.763,1:28.763,HRV,2
46,NOR,McPapaya,19,100.56152871331187,Hard,25,87.575,1:27.575,BST,2
47,NOR,McPapaya,19,98.31323257080021,Hard,26,87.413,1:27.413,BST,2
48,NOR,McPapaya,19,100.83193788651351,Hard,27,92.167,1:32.167,OVR,2
49,NOR,McPapaya,20,105.41180095143227,Hard,28,93.52,1:33.520,OVR,2
50,NOR,McPapaya,20,110.5349589634261,Hard,29,94.084,1:34.084,STD,2
51,NOR,McPapaya,20,117.2384447186887,Hard,30,94.855,1:34.855,STD,2
52,NOR,McPapaya,21,138.36706802466233,Hard,31,109.306,1:49.306,HRV,2
53,NOR,McPapaya,21,161.28439898999022,Hard,1,111.297,1:51.297,PIT,3
54,NOR,McPapaya,21,159.9665788626362,Hard,2,86.78,1:26.780,HRV,3
55,NOR,McPapaya,21,158.18509556103618,Hard,3,86.0,1:26.000,STD,3
56,NOR,McPapaya,21,155.9525251473833,Hard,4,86.012,1:26.012,STD,3
57,NOR,McPapaya,21,152.54945807750664,Hard,5,86.071,1:26.071,STD,3
58,NOR,McPapaya,21,150.0532908106461,Hard,6,86.066,1:26.066,STD,3
59,NOR,McPapaya,19,146.42235576858093,Hard,7,86.147,1:26.147,STD,3
60,NOR,McPapaya,19,143.2403056889416,Hard,8,87.221,1:27.221,HRV,3
0,LEC,Furrari,22,31.5,Med,0.0,0.0,0:00.000,GRID,0
1,LEC,Furrari,22,31.292067838678747,Med,1.0,84.805,1:24.805,STD,0
2,LEC,Furrari,22,30.78421303708285,Med,2.0,84.328,1:24.328,BST,0
3,LEC,Furrari,22,30.124094682917416,Med,3.0,83.869,1:23.869,OVR,0
4,LEC,Furrari,22,31.865064115486405,Med,4.0,85.871,1:25.871,HRV,0
5,LEC,Furrari,19,32.160187397633536,Med,5.0,85.383,1:25.383,HRV,0
6,LEC,Furrari,17,32.46443730488642,Med,6.0,85.078,1:25.078,STD,0
7,LEC,Furrari,15,32.20169763693002,Med,7.0,84.863,1:24.863,STD,0
8,LEC,Furrari,16,32.321675305423014,Med,8.0,85.47,1:25.470,STD,0
9,LEC,Furrari,16,32.75223680928275,Med,9.0,85.981,1:25.981,HRV,0
10,LEC,Furrari,16,33.71409245471182,Med,10.0,86.02,1:26.020,STD,0
11,LEC,Furrari,16,33.55663769615603,Med,11.0,86.044,1:26.044,HRV,0
12,LEC,Furrari,16,33.31364480140223,Med,12.0,85.292,1:25.292,BST,0
13,LEC,Furrari,14,33.52070169074136,Med,13.0,85.543,1:25.543,BST,0
14,LEC,Furrari,11,32.956264427869655,Med,14.0,86.206,1:26.206,STD,0
15,LEC,Furrari,9,31.56467413770133,Med,15.0,86.231,1:26.231,OVR,0
16,LEC,Furrari,12,32.01203595719858,Med,16.0,88.109,1:28.109,HRV,0
17,LEC,Furrari,12,32.282411599286434,Med,17.0,87.582,1:27.582,OVR,0
18,LEC,Furrari,12,33.13541105387844,Med,18.0,88.483,1:28.483,HRV,0
19,LEC,Furrari,12,32.96539991860163,Med,19.0,89.061,1:29.061,STD,0
20,LEC,Furrari,16,33.55368388077636,Hard,1,111.228,1:51.228,PIT,1
21,LEC,Furrari,16,33.56914929056779,Hard,2,86.709,1:26.709,HRV,1
22,LEC,Furrari,12,33.42723348017671,Hard,3,85.385,1:25.385,OVR,1
23,LEC,Furrari,16,57.03329888740973,Hard,4,109.911,1:49.911,STD,1
24,LEC,Furrari,16,57.97325628619592,Hard,5,87.095,1:27.095,HRV,1
25,LEC,Furrari,14,56.96706560556959,Hard,6,85.514,1:25.514,BST,1
26,LEC,Furrari,14,56.59021813114805,Hard,7,86.014,1:26.014,STD,1
27,LEC,Furrari,14,55.88520656447827,Hard,8,86.03,1:26.030,STD,1
28,LEC,Furrari,14,55.86085637780252,Hard,9,86.455,1:26.455,STD,1
29,LEC,Furrari,14,55.46979801696489,Hard,10,86.447,1:26.447,HRV,1
30,LEC,Furrari,17,68.46123588085402,Hard,11,99.77,1:39.770,STD,1
31,LEC,Furrari,17,92.11066227106676,Hard,12,110.934,1:50.934,STD,1
32,LEC,Furrari,21,116.73034311750189,Hard,13,111.123,1:51.123,STD,1
33,LEC,Furrari,21,117.70472296618073,Hard,14,87.607,1:27.607,HRV,1
34,LEC,Furrari,21,118.66917507059452,Hard,15,87.114,1:27.114,HRV,1
35,LEC,Furrari,21,119.5218690651559,Hard,16,86.944,1:26.944,STD,1
36,LEC,Furrari,21,119.64846537967469,Hard,17,87.294,1:27.294,HRV,1
37,LEC,Furrari,21,120.82249886174668,Hard,18,87.439,1:27.439,HRV,1
38,LEC,Furrari,21,120.49233584913418,Hard,19,86.131,1:26.131,BST,1
39,LEC,Furrari,21,119.90496560714973,Hard,20,86.465,1:26.465,BST,1
40,LEC,Furrari,21,119.54688281356721,Hard,21,86.413,1:26.413,BST,1
41,LEC,Furrari,21,118.6394877149728,Hard,22,86.717,1:26.717,BST,1
42,LEC,Furrari,21,118.23813594779585,Hard,23,87.25,1:27.250,BST,1
43,LEC,Furrari,21,118.10587973070551,Hard,24,87.362,1:27.362,BST,1
44,LEC,Furrari,21,118.49730165571373,Hard,25,88.717,1:28.717,HRV,1
45,LEC,Furrari,21,117.26263645569497,Hard,26,87.881,1:27.881,BST,1
46,LEC,Furrari,21,116.63594619608602,Hard,27,88.843,1:28.843,HRV,1
47,LEC,Furrari,21,115.6917135777976,Hard,28,88.717,1:28.717,STD,1
48,LEC,Furrari,21,114.39411448526971,Hard,29,88.35,1:28.350,BST,1
49,LEC,Furrari,21,114.46293065609098,Hard,30,89.009,1:29.009,BST,1
50,LEC,Furrari,21,114.97023615036142,Hard,31,89.468,1:29.468,BST,1
51,LEC,Furrari,21,117.86282702264543,Hard,32,91.044,1:31.044,HRV,1
52,LEC,Furrari,18,120.82692002872136,Hard,33,91.141,1:31.141,STD,1
53,LEC,Furrari,18,123.47497889398164,Hard,34,91.028,1:31.028,BST,1
54,LEC,Furrari,18,126.63095940115363,Hard,35,91.254,1:31.254,BST,1
55,LEC,Furrari,20,131.67952955840883,Hard,36,92.83,1:32.830,HRV,1
56,LEC,Furrari,20,136.55086399163156,Hard,37,93.116,1:33.116,HRV,1
57,LEC,Furrari,20,140.3615678859278,Hard,38,93.285,1:33.285,STD,1
58,LEC,Furrari,19,144.70911852007612,Hard,39,92.91,1:32.910,OVR,1
59,LEC,Furrari,20,149.35731543499787,Hard,40,94.426,1:34.426,STD,1
60,LEC,Furrari,20,154.14341928227623,Hard,41,95.189,1:35.189,STD,1
0,ALO,Astonishing,16,22.5,Med,0.0,0.0,0:00.000,GRID,0
1,ALO,Astonishing,16,22.132329881346806,Med,1.0,84.645,1:24.645,BST,0
2,ALO,Astonishing,16,21.007720799587048,Med,2.0,83.711,1:23.711,OVR,0
3,ALO,Astonishing,15,20.50623217213439,Med,3.0,84.028,1:24.028,OVR,0
4,ALO,Astonishing,15,20.639743096266443,Med,4.0,84.263,1:24.263,BST,0
5,ALO,Astonishing,14,20.90956146781656,Med,5.0,85.357,1:25.357,STD,0
6,ALO,Astonishing,12,21.924974953836056,Med,6.0,85.789,1:25.789,HRV,0
7,ALO,Astonishing,9,21.562544892561505,Med,7.0,84.764,1:24.764,BST,0
8,ALO,Astonishing,9,21.38257677603258,Med,8.0,85.17,1:25.170,BST,0
9,ALO,Astonishing,9,20.681719772469933,Med,9.0,84.849,1:24.849,BST,0
10,ALO,Astonishing,9,20.3190300322849,Med,10.0,84.695,1:24.695,BST,0
11,ALO,Astonishing,9,20.47244651639835,Med,11.0,86.355,1:26.355,HRV,0
12,ALO,Astonishing,9,19.771917827391007,Med,12.0,84.835,1:24.835,BST,0
13,ALO,Astonishing,9,20.844557344662462,Med,13.0,86.409,1:26.409,STD,0
14,ALO,Astonishing,18,43.463634809349514,Med,14.0,109.389,1:49.389,BST,0
15,ALO,Astonishing,17,41.80791081366192,Med,15.0,85.967,1:25.967,OVR,0
16,ALO,Astonishing,16,41.846819328429774,Med,16.0,87.7,1:27.700,STD,0
17,ALO,Astonishing,16,42.31887745645258,Med,17.0,87.784,1:27.784,STD,0
18,ALO,Astonishing,16,43.426479060959764,Med,18.0,88.738,1:28.738,STD,0
19,ALO,Astonishing,17,43.827427097639884,Med,19.0,89.632,1:29.632,STD,0
20,ALO,Astonishing,9,23.00499035782059,Med,20.0,89.817,1:29.817,STD,0
21,ALO,Astonishing,10,27.41191103681399,Med,21.0,91.101,1:31.101,STD,0
22,ALO,Astonishing,13,33.47335801034933,Med,22.0,91.588,1:31.588,STD,0
23,ALO,Astonishing,17,57.333298887409455,Med,23.0,110.165,1:50.165,HRV,0
24,ALO,Astonishing,19,63.40957050746101,Med,24.0,92.232,1:32.232,OVR,0
25,ALO,Astonishing,18,71.48313994790442,Med,25.0,94.594,1:34.594,STD,0
26,ALO,Astonishing,19,80.70275034113365,Med,26.0,95.611,1:35.611,STD,0
27,ALO,Astonishing,19,90.57992246602862,Med,27.0,96.612,1:36.612,STD,0
28,ALO,Astonishing,19,102.18805512670588,Med,28.0,98.087,1:38.087,STD,0
29,ALO,Astonishing,22,114.88860901468206,Med,29.0,99.539,1:39.539,STD,0
30,ALO,Astonishing,22,128.41739680591036,Med,30.0,100.307,1:40.307,STD,0
31,ALO,Astonishing,22,143.99752917820797,Med,31.0,102.864,1:42.864,HRV,0
32,ALO,Astonishing,22,168.38703057332123,Hard,1,110.893,1:50.893,PIT,1
33,ALO,Astonishing,22,167.71379599855118,Hard,2,85.96,1:25.960,STD,1
34,ALO,Astonishing,22,167.64375249777459,Hard,3,86.079,1:26.079,STD,1
35,ALO,Astonishing,22,167.7735193385538,Hard,4,86.221,1:26.221,STD,1
36,ALO,Astonishing,22,166.64150056212657,Hard,5,86.036,1:26.036,STD,1
37,ALO,Astonishing,22,166.507984239508,Hard,6,86.131,1:26.131,STD,1
38,ALO,Astonishing,22,166.2300016358754,Hard,7,86.183,1:26.183,STD,1
39,ALO,Astonishing,22,165.27804821276732,Hard,8,86.101,1:26.101,STD,1
40,ALO,Astonishing,22,164.89871263187888,Hard,9,86.392,1:26.392,STD,1
41,ALO,Astonishing,22,163.59016011865833,Hard,10,86.316,1:26.316,STD,1
42,ALO,Astonishing,22,162.29800239120095,Hard,11,86.359,1:26.359,STD,1
43,ALO,Astonishing,22,161.0093980883371,Hard,12,86.206,1:26.206,STD,1
44,ALO,Astonishing,22,159.62635963736057,Hard,13,86.942,1:26.942,STD,1
45,ALO,Astonishing,22,157.0497057001794,Hard,14,86.539,1:26.539,STD,1
46,ALO,Astonishing,22,154.1772849401791,Hard,15,86.597,1:26.597,STD,1
47,ALO,Astonishing,22,151.08577091051848,Hard,16,86.569,1:26.569,STD,1
48,ALO,Astonishing,22,148.3516248012811,Hard,17,86.914,1:26.914,STD,1
49,ALO,Astonishing,22,146.0404087002089,Hard,18,86.629,1:26.629,STD,1
50,ALO,Astonishing,22,143.85835144899283,Hard,19,86.779,1:26.779,BST,1
51,ALO,Astonishing,22,142.83276368110455,Hard,20,87.126,1:27.126,STD,1
52,ALO,Astonishing,22,142.122537352393,Hard,21,87.467,1:27.467,STD,1
53,ALO,Astonishing,22,161.3843989899906,Hard,22,107.642,1:47.642,STD,1
54,ALO,Astonishing,22,160.03369970489166,Hard,23,86.747,1:26.747,OVR,1
55,ALO,Astonishing,22,160.49545494450922,Hard,24,88.243,1:28.243,HRV,1
56,ALO,Astonishing,22,160.01512263903078,Hard,25,87.765,1:27.765,BST,1
57,ALO,Astonishing,22,158.60671677772916,Hard,26,88.066,1:28.066,BST,1
58,ALO,Astonishing,22,158.05095283197534,Hard,27,88.006,1:28.006,BST,1
59,ALO,Astonishing,22,157.3727203793651,Hard,28,89.1,1:29.100,STD,1
60,ALO,Astonishing,21,156.97570596483274,Hard,29,90.006,1:30.006,STD,1
0,ANT,Merciless,14,19.5,Med,0.0,0.0,0:00.000,GRID,0
1,ANT,Merciless,14,18.60011384158375,Med,1.0,84.113,1:24.113,BST,0
2,ANT,Merciless,12,17.371916750325227,Med,2.0,83.607,1:23.607,OVR,0
3,ANT,Merciless,12,17.574504439206976,Med,3.0,84.732,1:24.732,BST,0
4,ANT,Merciless,12,17.559062666528234,Med,4.0,84.114,1:24.114,BST,0
5,ANT,Merciless,10,16.460412640459367,Med,5.0,83.989,1:23.989,OVR,0
6,ANT,Merciless,10,16.59573617890129,Med,6.0,84.909,1:24.909,STD,0
7,ANT,Merciless,8,17.114575948121683,Med,7.0,85.645,1:25.645,STD,0
8,ANT,Merciless,8,17.05852500547553,Med,8.0,85.294,1:25.294,STD,0
9,ANT,Merciless,8,17.2115441375704,Med,9.0,85.703,1:25.703,STD,0
10,ANT,Merciless,8,17.985738243835613,Med,10.0,85.832,1:25.832,STD,0
11,ANT,Merciless,8,17.386760270971877,Med,11.0,85.603,1:25.603,STD,0
12,ANT,Merciless,8,17.611738927055285,Med,12.0,85.76,1:25.760,STD,0
13,ANT,Merciless,8,19.03190422556463,Med,13.0,86.756,1:26.756,HRV,0
14,ANT,Merciless,17,43.16363480934956,Hard,1,110.902,1:50.902,PIT,1
15,ANT,Merciless,15,40.93785202895583,Hard,2,85.397,1:25.397,OVR,1
16,ANT,Merciless,13,39.156208922366204,Hard,3,85.88,1:25.880,BST,1
17,ANT,Merciless,13,37.87422937861561,Hard,4,86.03,1:26.030,STD,1
18,ANT,Merciless,13,36.20575735810144,Hard,5,85.961,1:25.961,STD,1
19,ANT,Merciless,13,33.31321307947724,Hard,6,86.338,1:26.338,STD,1
20,ANT,Merciless,18,33.65368388077627,Hard,7,110.98,1:50.980,STD,1
21,ANT,Merciless,15,33.3794099107954,Hard,8,86.42,1:26.420,STD,1
22,ANT,Merciless,14,34.69605518760818,Hard,9,86.844,1:26.844,STD,1
23,ANT,Merciless,11,34.722694315396666,Hard,10,86.332,1:26.332,STD,1
24,ANT,Merciless,11,34.98391496930071,Hard,11,86.416,1:26.416,STD,1
25,ANT,Merciless,11,34.603028643507514,Hard,12,86.139,1:26.139,STD,1
26,ANT,Merciless,11,34.32436491986027,Hard,13,86.113,1:26.113,STD,1
27,ANT,Merciless,11,33.99350090620237,Hard,14,86.404,1:26.404,STD,1
28,ANT,Merciless,11,34.316741121605446,Hard,15,86.802,1:26.802,STD,1
29,ANT,Merciless,11,35.2721854179581,Hard,16,87.794,1:27.794,HRV,1
30,ANT,Merciless,11,35.7940544265025,Hard,17,87.3,1:27.300,HRV,1
31,ANT,Merciless,9,36.34962710593982,Hard,18,87.84,1:27.840,HRV,1
32,ANT,Merciless,9,35.9647258047321,Hard,19,86.118,1:26.118,BST,1
33,ANT,Merciless,9,37.058876595105176,Hard,20,87.727,1:27.727,HRV,1
34,ANT,Merciless,9,38.84106515712756,Hard,21,87.931,1:27.931,HRV,1
35,ANT,Merciless,9,40.14875043053098,Hard,22,87.399,1:27.399,STD,1
36,ANT,Merciless,9,40.14545229128498,Hard,23,87.164,1:27.164,BST,1
37,ANT,Merciless,9,42.03342263240438,Hard,24,88.152,1:28.152,STD,1
38,ANT,Merciless,9,43.966252178529885,Hard,25,88.394,1:28.394,STD,1
39,ANT,Merciless,9,45.551221202523266,Hard,26,88.638,1:28.638,STD,1
40,ANT,Merciless,13,58.82600168322324,Hard,27,100.046,1:40.046,STD,1
41,ANT,Merciless,13,60.52552799831756,Hard,28,89.324,1:29.324,STD,1
42,ANT,Merciless,13,61.979527911735204,Hard,29,89.105,1:29.105,STD,1
43,ANT,Merciless,13,63.76238464963626,Hard,30,89.277,1:29.277,STD,1
44,ANT,Merciless,13,65.84860236003942,Hard,31,90.412,1:30.412,HRV,1
45,ANT,Merciless,13,67.4749087424284,Hard,32,90.742,1:30.742,HRV,1
46,ANT,Merciless,13,68.63152969920839,Hard,33,90.626,1:30.626,STD,1
47,ANT,Merciless,13,70.29395399879922,Hard,34,91.323,1:31.323,HRV,1
48,ANT,Merciless,14,72.77359709030952,Hard,35,92.128,1:32.128,HRV,1
49,ANT,Merciless,15,75.23151174993745,Hard,36,91.399,1:31.399,BST,1
50,ANT,Merciless,15,78.44480171368741,Hard,37,92.174,1:32.174,STD,1
51,ANT,Merciless,15,85.24140444430941,Hard,38,94.949,1:34.949,STD,1
52,ANT,Merciless,17,106.48199110236146,Hard,39,109.418,1:49.418,STD,1
53,ANT,Merciless,15,111.91902484603088,Hard,40,93.817,1:33.817,STD,1
54,ANT,Merciless,17,118.5592820881875,Hard,41,94.738,1:34.738,STD,1
55,ANT,Merciless,18,125.62239963897355,Hard,42,94.844,1:34.844,STD,1
56,ANT,Merciless,19,133.30015836143593,Hard,43,95.923,1:35.923,STD,1
57,ANT,Merciless,19,140.01380072331358,Hard,44,96.188,1:36.188,BST,1
58,ANT,Merciless,20,148.66154070514312,Hard,45,97.21,1:37.210,STD,1
59,ANT,Merciless,21,156.6408712885186,Hard,46,97.758,1:37.758,BST,1
60,ANT,Merciless,22,165.54182746596598,Hard,47,99.304,1:39.304,STD,1
